,pose_Tx,pose_Ty,pose_Tz,pose_Rx,pose_Ry,pose_Rz,AU01_r,AU02_r,AU04_r,AU05_r,AU06_r,AU07_r,AU09_r,AU10_r,AU12_r,AU14_r,AU15_r,AU17_r,AU20_r,AU23_r,AU25_r,AU26_r,AU45_r
38,-12.3,9.7,662.7,0.008,0.04,-0.066,0.0,0.0,0.5,0.0,0.0,0.0,0.0,0.0,0.0,0.0,0.0,0.03,0.0,0.06,0.15,0.24,0.0
39,-12.3,9.6,663.1,0.009,0.037,-0.068,0.0,0.0,0.52,0.0,0.0,0.0,0.0,0.0,0.0,0.06,0.0,0.03,0.0,0.08,0.05,0.27,0.0
40,-12.4,9.6,662.9,0.004,0.039,-0.065,0.0,0.0,0.49,0.0,0.0,0.0,0.0,0.0,0.0,0.06,0.0,0.06,0.0,0.12,0.0,0.3,0.0
41,-12.4,9.5,662.3,0.008,0.038,-0.067,0.0,0.0,0.56,0.0,0.0,0.0,0.0,0.0,0.0,0.08,0.0,0.04,0.0,0.1,0.0,0.29,0.0
42,-12.4,9.6,662.8,0.002,0.039,-0.066,0.0,0.0,0.58,0.01,0.0,0.0,0.0,0.0,0.0,0.06,0.0,0.03,0.0,0.08,0.0,0.19,0.0
43,-12.4,9.6,663.4,0.009,0.041,-0.066,0.0,0.0,0.63,0.01,0.0,0.0,0.0,0.0,0.0,0.06,0.0,0.0,0.0,0.04,0.0,0.17,0.0
44,-12.5,9.7,663.3,0.005,0.04,-0.066,0.0,0.0,0.59,0.01,0.0,0.0,0.0,0.0,0.0,0.03,0.0,0.0,0.0,0.03,0.07,0.1,0.0
45,-12.4,9.6,662.6,0.006,0.038,-0.067,0.0,0.0,0.61,0.02,0.0,0.0,0.0,0.0,0.0,0.04,0.0,0.0,0.0,0.03,0.13,0.15,0.0
46,-12.4,9.6,661.9,0.003,0.038,-0.066,0.0,0.0,0.58,0.02,0.0,0.0,0.0,0.0,0.0,0.04,0.0,0.0,0.0,0.03,0.18,0.17,0.0
47,-12.4,9.5,661.6,0.005,0.035,-0.067,0.0,0.0,0.58,0.02,0.0,0.0,0.0,0.0,0.0,0.13,0.0,0.0,0.0,0.05,0.12,0.21,0.0
48,-12.3,9.5,662.1,0.001,0.038,-0.066,0.0,0.0,0.55,0.05,0.0,0.0,0.0,0.0,0.0,0.11,0.0,0.0,0.0,0.04,0.06,0.2,0.0
49,-12.2,9.5,661.3,0.006,0.033,-0.066,0.0,0.0,0.53,0.1,0.0,0.0,0.0,0.0,0.0,0.15,0.0,0.0,0.0,0.05,0.03,0.17,0.0
50,-12.1,9.5,661.3,0.004,0.034,-0.065,0.0,0.0,0.53,0.11,0.0,0.0,0.0,0.0,0.0,0.13,0.0,0.0,0.0,0.02,0.02,0.15,0.0
51,-12.0,9.6,661.1,0.006,0.031,-0.065,0.0,0.0,0.54,0.07,0.0,0.0,0.0,0.0,0.0,0.15,0.0,0.0,0.0,0.02,0.04,0.1,0.03
52,-11.9,9.6,663.1,0.002,0.033,-0.064,0.0,0.0,0.57,0.01,0.0,0.0,0.0,0.0,0.0,0.12,0.0,0.01,0.0,0.0,0.02,0.09,0.03
53,-11.9,9.6,662.9,0.007,0.033,-0.064,0.0,0.0,0.63,0.0,0.0,0.0,0.0,0.0,0.0,0.05,0.0,0.05,0.0,0.0,0.02,0.03,0.03
54,-11.9,9.6,662.4,0.005,0.032,-0.063,0.0,0.0,0.64,0.0,0.0,0.0,0.0,0.0,0.0,0.0,0.0,0.09,0.0,0.0,0.0,0.03,0.0
55,-11.9,9.6,662.6,0.008,0.032,-0.063,0.0,0.0,0.63,0.0,0.0,0.0,0.0,0.0,0.0,0.02,0.0,0.12,0.0,0.0,0.0,0.0,0.0
56,-11.9,9.6,662.6,0.006,0.032,-0.063,0.0,0.0,0.56,0.0,0.0,0.0,0.0,0.0,0.0,0.02,0.0,0.08,0.0,0.0,0.0,0.01,0.0
57,-11.9,9.6,661.7,0.007,0.029,-0.063,0.0,0.0,0.59,0.0,0.0,0.0,0.0,0.0,0.0,0.02,0.0,0.05,0.0,0.0,0.0,0.01,0.0
58,-11.9,9.6,662.2,0.002,0.031,-0.062,0.0,0.01,0.6,0.0,0.0,0.0,0.0,0.0,0.0,0.0,0.0,0.01,0.0,0.0,0.02,0.11,0.0
59,-12.0,9.6,663.4,0.005,0.031,-0.062,0.0,0.01,0.63,0.0,0.0,0.0,0.0,0.0,0.0,0.0,0.0,0.01,0.0,0.0,0.02,0.16,0.01
60,-11.9,9.5,662.6,-0.0,0.03,-0.063,0.0,0.01,0.6,0.0,0.0,0.0,0.0,0.0,0.0,0.02,0.0,0.0,0.0,0.02,0.02,0.22,0.01
61,-12.0,9.5,662.7,0.003,0.029,-0.064,0.0,0.0,0.59,0.0,0.0,0.0,0.0,0.0,0.0,0.02,0.0,0.0,0.0,0.02,0.02,0.13,0.11
62,-11.9,9.6,662.6,0.003,0.03,-0.063,0.0,0.0,0.57,0.0,0.0,0.0,0.01,0.0,0.0,0.03,0.0,0.0,0.0,0.02,0.02,0.14,0.37
63,-11.9,9.7,666.9,0.003,0.031,-0.064,0.08,0.05,0.58,0.0,0.0,0.22,0.04,0.0,0.0,0.01,0.0,0.04,0.02,0.0,0.02,0.22,1.2
64,-12.2,10.4,681.6,-0.0,0.039,-0.066,0.21,0.06,0.55,0.0,0.0,0.46,0.04,0.0,0.0,0.01,0.0,0.04,0.02,0.0,0.0,0.3,2.05
65,-12.2,10.7,677.9,-0.002,0.026,-0.069,0.32,0.07,0.5,0.0,0.0,0.61,0.04,0.0,0.0,0.0,0.0,0.04,0.02,0.0,0.0,0.28,2.78
66,-12.3,10.7,683.4,-0.007,0.034,-0.069,0.34,0.08,0.46,0.0,0.0,0.75,0.06,0.0,0.0,0.0,0.0,0.02,0.0,0.0,0.0,0.26,2.76
67,-12.1,10.4,682.3,-0.001,0.039,-0.067,0.21,0.07,0.44,0.0,0.0,0.63,0.06,0.0,0.0,0.0,0.0,0.05,0.0,0.0,0.03,0.26,2.36
68,-12.0,10.1,674.8,0.002,0.035,-0.065,0.1,0.07,0.53,0.0,0.0,0.49,0.08,0.0,0.0,0.0,0.0,0.05,0.0,0.0,0.03,0.33,1.74
69,-12.1,9.8,672.7,0.0,0.034,-0.067,0.0,0.0,0.63,0.0,0.0,0.13,0.02,0.0,0.0,0.0,0.0,0.03,0.0,0.0,0.03,0.22,1.27
70,-12.1,9.7,668.7,-0.001,0.03,-0.068,0.0,0.0,0.7,0.0,0.0,0.0,0.07,0.0,0.0,0.0,0.0,0.0,0.0,0.0,0.0,0.22,0.92
71,-12.2,9.6,667.7,0.004,0.031,-0.068,0.0,0.0,0.62,0.0,0.0,0.0,0.05,0.0,0.0,0.0,0.0,0.06,0.0,0.0,0.05,0.17,0.85
72,-12.1,9.7,666.1,-0.0,0.029,-0.065,0.03,0.0,0.52,0.0,0.0,0.07,0.05,0.0,0.0,0.02,0.0,0.1,0.0,0.0,0.05,0.25,0.92
73,-12.2,9.8,669.1,0.002,0.032,-0.067,0.04,0.0,0.5,0.0,0.0,0.16,0.0,0.0,0.0,0.02,0.0,0.12,0.0,0.0,0.05,0.25,1.14
74,-12.4,9.8,669.4,0.004,0.03,-0.068,0.05,0.0,0.57,0.0,0.0,0.16,0.0,0.0,0.0,0.02,0.0,0.06,0.0,0.0,0.0,0.26,1.23
75,-12.4,9.8,669.0,-0.002,0.033,-0.068,0.03,0.0,0.62,0.0,0.0,0.1,0.0,0.0,0.0,0.0,0.0,0.03,0.0,0.0,0.02,0.26,1.21
76,-12.4,9.8,669.8,-0.002,0.034,-0.068,0.01,0.0,0.62,0.0,0.0,0.01,0.0,0.0,0.0,0.0,0.0,0.06,0.0,0.0,0.02,0.2,1.14
77,-12.4,9.7,669.7,0.0,0.034,-0.069,0.0,0.0,0.56,0.0,0.0,0.01,0.0,0.0,0.0,0.0,0.0,0.11,0.0,0.0,0.05,0.12,0.94
78,-12.4,9.6,669.7,0.004,0.037,-0.068,0.0,0.0,0.53,0.0,0.0,0.0,0.0,0.0,0.0,0.0,0.0,0.16,0.0,0.0,0.03,0.03,0.74
79,-12.3,9.6,670.0,0.005,0.036,-0.067,0.0,0.0,0.51,0.0,0.0,0.0,0.0,0.0,0.0,0.0,0.0,0.13,0.0,0.0,0.05,0.0,0.55
80,-12.2,9.6,668.5,0.003,0.036,-0.065,0.0,0.0,0.54,0.0,0.0,0.0,0.0,0.0,0.0,0.0,0.0,0.09,0.0,0.0,0.08,0.07,0.46
81,-12.1,9.6,669.8,0.002,0.037,-0.066,0.0,0.0,0.56,0.0,0.0,0.0,0.0,0.0,0.0,0.0,0.0,0.02,0.02,0.0,0.2,0.14,0.4
82,-12.1,9.6,670.5,0.005,0.036,-0.066,0.0,0.0,0.57,0.0,0.0,0.0,0.0,0.0,0.0,0.0,0.0,0.02,0.02,0.0,0.26,0.21,0.38
83,-12.0,9.5,670.3,0.004,0.036,-0.066,0.0,0.0,0.61,0.0,0.0,0.0,0.0,0.0,0.0,0.0,0.0,0.02,0.02,0.0,0.31,0.14,0.39
84,-11.9,9.5,670.5,0.006,0.035,-0.065,0.0,0.0,0.59,0.0,0.0,0.0,0.0,0.0,0.0,0.0,0.0,0.02,0.0,0.0,0.28,0.08,0.41
85,-11.9,9.5,669.6,-0.002,0.035,-0.066,0.0,0.0,0.67,0.0,0.0,0.0,0.0,0.0,0.0,0.0,0.0,0.02,0.0,0.0,0.25,0.0,0.33
86,-12.0,9.5,667.8,0.005,0.032,-0.066,0.0,0.0,0.67,0.0,0.0,0.07,0.0,0.0,0.0,0.0,0.0,0.02,0.0,0.0,0.22,0.0,0.46
87,-12.0,9.5,667.1,-0.0,0.03,-0.067,0.0,0.0,0.71,0.0,0.0,0.11,0.0,0.0,0.0,0.0,0.0,0.02,0.0,0.0,0.19,0.0,0.51
88,-12.0,9.5,666.2,0.003,0.029,-0.066,0.0,0.0,0.68,0.0,0.0,0.14,0.0,0.0,0.0,0.0,0.0,0.0,0.0,0.0,0.13,0.0,0.73
89,-12.0,9.4,665.9,0.003,0.028,-0.066,0.0,0.0,0.72,0.0,0.0,0.13,0.0,0.0,0.0,0.0,0.0,0.0,0.0,0.0,0.06,0.0,0.76
90,-12.0,9.4,666.4,0.003,0.029,-0.066,0.0,0.0,0.74,0.0,0.0,0.09,0.01,0.0,0.0,0.0,0.0,0.0,0.0,0.0,0.05,0.0,0.78
91,-12.0,9.4,666.2,0.004,0.028,-0.066,0.0,0.0,0.73,0.0,0.0,0.06,0.01,0.0,0.0,0.0,0.0,0.03,0.0,0.0,0.08,0.0,0.77
92,-12.0,9.4,666.1,0.001,0.03,-0.066,0.0,0.0,0.72,0.0,0.0,0.0,0.01,0.0,0.0,0.0,0.0,0.15,0.0,0.0,0.07,0.0,0.6
93,-12.0,9.4,667.5,0.002,0.032,-0.066,0.0,0.0,0.72,0.0,0.0,0.0,0.0,0.0,0.0,0.0,0.0,0.23,0.0,0.0,0.02,0.0,0.5
94,-12.0,9.4,667.6,0.001,0.034,-0.066,0.0,0.0,0.7,0.0,0.0,0.0,0.0,0.0,0.0,0.0,0.0,0.32,0.0,0.0,0.0,0.0,0.42
95,-12.0,9.4,666.2,0.002,0.03,-0.066,0.0,0.0,0.67,0.0,0.0,0.05,0.0,0.0,0.0,0.0,0.0,0.27,0.0,0.0,0.04,0.01,0.57
96,-12.0,9.3,666.3,-0.0,0.031,-0.066,0.0,0.0,0.63,0.0,0.0,0.08,0.0,0.0,0.0,0.0,0.0,0.19,0.0,0.0,0.09,0.03,0.63
97,-12.0,9.3,665.8,-0.001,0.028,-0.066,0.0,0.0,0.61,0.0,0.0,0.17,0.0,0.0,0.0,0.0,0.0,0.13,0.0,0.0,0.15,0.11,0.7
98,-12.0,9.3,665.8,0.001,0.03,-0.066,0.0,0.0,0.6,0.0,0.0,0.18,0.0,0.0,0.0,0.0,0.0,0.13,0.0,0.0,0.18,0.12,0.64
99,-12.0,9.2,665.1,0.001,0.026,-0.066,0.02,0.0,0.61,0.02,0.0,0.22,0.0,0.0,0.0,0.0,0.0,0.19,0.0,0.0,0.12,0.17,0.69
100,-12.1,9.2,666.4,-0.001,0.031,-0.066,0.02,0.0,0.68,0.02,0.0,0.13,0.0,0.0,0.0,0.0,0.0,0.13,0.0,0.0,0.06,0.1,0.51
101,-12.2,9.0,666.8,-0.001,0.032,-0.065,0.02,0.0,0.73,0.02,0.0,0.07,0.0,0.0,0.0,0.0,0.0,0.08,0.0,0.0,0.0,0.16,0.42
102,-12.2,8.9,664.8,-0.001,0.032,-0.067,0.0,0.0,0.78,0.0,0.0,0.0,0.0,0.0,0.0,0.0,0.0,0.08,0.0,0.0,0.01,0.14,0.19
103,-12.2,8.8,662.2,0.001,0.028,-0.067,0.0,0.03,0.74,0.0,0.0,0.0,0.0,0.0,0.0,0.0,0.0,0.1,0.0,0.03,0.09,0.19,0.11
104,-12.3,8.8,662.0,-0.002,0.033,-0.068,0.0,0.04,0.76,0.0,0.0,0.0,0.0,0.0,0.0,0.0,0.0,0.08,0.0,0.04,0.16,0.23,0.01
105,-12.3,8.7,661.2,0.001,0.029,-0.067,0.0,0.06,0.78,0.0,0.0,0.0,0.0,0.0,0.0,0.0,0.0,0.02,0.0,0.06,0.21,0.26,0.0
106,-12.4,8.7,661.2,-0.002,0.031,-0.068,0.0,0.09,0.83,0.0,0.0,0.0,0.0,0.0,0.0,0.0,0.0,0.0,0.0,0.08,0.14,0.33,0.0
107,-12.4,8.6,660.4,0.0,0.03,-0.067,0.0,0.08,0.88,0.0,0.0,0.0,0.0,0.0,0.0,0.0,0.0,0.0,0.0,0.12,0.13,0.32,0.0
108,-12.4,8.6,660.5,0.0,0.03,-0.068,0.0,0.05,0.86,0.0,0.0,0.0,0.0,0.0,0.0,0.0,0.0,0.0,0.0,0.14,0.14,0.42,0.0
109,-12.4,8.7,660.7,-0.001,0.032,-0.067,0.0,0.02,0.84,0.0,0.0,0.0,0.0,0.0,0.0,0.0,0.0,0.02,0.0,0.15,0.21,0.41,0.0
110,-12.3,8.6,660.5,0.001,0.029,-0.067,0.0,0.02,0.77,0.0,0.0,0.0,0.0,0.0,0.0,0.0,0.0,0.06,0.0,0.15,0.19,0.41,0.0
111,-12.3,8.7,660.3,0.001,0.03,-0.067,0.0,0.03,0.72,0.0,0.0,0.0,0.0,0.0,0.0,0.0,0.0,0.12,0.0,0.15,0.21,0.26,0.0
112,-12.2,8.7,660.4,0.004,0.028,-0.067,0.0,0.01,0.7,0.0,0.0,0.0,0.0,0.0,0.0,0.0,0.0,0.15,0.0,0.14,0.17,0.21,0.0
113,-12.2,8.7,660.8,-0.001,0.029,-0.067,0.0,0.01,0.71,0.0,0.0,0.0,0.0,0.0,0.0,0.0,0.0,0.1,0.0,0.1,0.17,0.22,0.0
114,-12.1,8.6,660.4,0.002,0.028,-0.066,0.0,0.0,0.73,0.04,0.0,0.0,0.0,0.0,0.0,0.0,0.0,0.07,0.0,0.09,0.09,0.28,0.0
115,-12.1,8.6,660.5,-0.001,0.028,-0.067,0.0,0.0,0.74,0.07,0.0,0.0,0.0,0.0,0.0,0.0,0.0,0.08,0.0,0.1,0.05,0.23,0.0
116,-12.1,8.6,660.5,0.002,0.028,-0.066,0.0,0.0,0.74,0.1,0.0,0.0,0.0,0.0,0.0,0.0,0.0,0.17,0.0,0.09,0.03,0.17,0.0
117,-12.2,8.6,661.1,-0.0,0.028,-0.066,0.0,0.01,0.73,0.07,0.0,0.0,0.0,0.0,0.0,0.0,0.0,0.22,0.0,0.06,0.02,0.12,0.0
118,-12.2,8.5,661.2,-0.002,0.03,-0.066,0.0,0.01,0.74,0.03,0.0,0.0,0.0,0.0,0.0,0.0,0.01,0.27,0.0,0.05,0.02,0.18,0.0
119,-12.2,8.5,660.4,0.001,0.027,-0.065,0.0,0.01,0.71,0.0,0.0,0.0,0.0,0.0,0.0,0.0,0.03,0.2,0.0,0.07,0.01,0.16,0.0
120,-12.2,8.5,661.4,-0.002,0.03,-0.066,0.0,0.0,0.72,0.0,0.0,0.0,0.0,0.0,0.0,0.0,0.03,0.17,0.0,0.09,0.01,0.2,0.0
121,-12.2,8.4,660.9,-0.001,0.026,-0.065,0.0,0.0,0.72,0.0,0.0,0.0,0.0,0.0,0.0,0.0,0.03,0.16,0.0,0.1,0.02,0.22,0.0
122,-12.2,8.4,662.0,-0.007,0.03,-0.066,0.0,0.0,0.73,0.0,0.0,0.0,0.0,0.0,0.0,0.0,0.02,0.14,0.01,0.09,0.02,0.2,0.0
123,-12.2,8.3,661.5,-0.004,0.027,-0.065,0.0,0.0,0.75,0.1,0.0,0.0,0.0,0.0,0.0,0.0,0.02,0.1,0.01,0.08,0.06,0.22,0.06
124,-12.2,8.4,662.7,-0.007,0.029,-0.065,0.0,0.0,0.78,0.25,0.0,0.06,0.0,0.0,0.0,0.0,0.01,0.01,0.01,0.04,0.1,0.15,0.09
125,-12.1,8.4,662.3,-0.005,0.028,-0.065,0.0,0.0,0.85,0.39,0.0,0.06,0.0,0.0,0.0,0.0,0.01,0.01,0.0,0.02,0.15,0.27,0.11
126,-12.1,8.4,662.5,-0.008,0.029,-0.066,0.0,0.0,0.89,0.4,0.0,0.06,0.0,0.0,0.0,0.0,0.01,0.01,0.0,0.0,0.21,0.16,0.05
127,-12.1,8.4,662.5,-0.008,0.028,-0.065,0.0,0.0,0.88,0.29,0.0,0.0,0.0,0.0,0.0,0.0,0.0,0.04,0.0,0.0,0.23,0.24,0.02
128,-12.1,8.4,662.3,-0.006,0.028,-0.064,0.0,0.0,0.86,0.22,0.0,0.03,0.0,0.0,0.0,0.0,0.0,0.09,0.0,0.0,0.18,0.15,0.0
129,-12.1,8.4,662.4,-0.009,0.027,-0.064,0.01,0.0,0.82,0.22,0.0,0.03,0.0,0.0,0.0,0.0,0.0,0.09,0.0,0.03,0.11,0.16,0.04
130,-12.2,8.3,662.5,-0.007,0.028,-0.064,0.01,0.0,0.79,0.34,0.0,0.05,0.0,0.0,0.0,0.0,0.0,0.06,0.05,0.04,0.1,0.12,0.08
131,-12.2,8.2,662.1,-0.009,0.026,-0.064,0.01,0.0,0.74,0.35,0.0,0.02,0.0,0.0,0.0,0.0,0.0,0.01,0.05,0.07,0.12,0.14,0.1
132,-12.2,8.2,661.9,-0.007,0.027,-0.064,0.0,0.0,0.72,0.41,0.0,0.02,0.0,0.0,0.0,0.0,0.0,0.0,0.11,0.04,0.13,0.11,0.07
133,-12.3,8.1,662.3,-0.009,0.027,-0.064,0.0,0.0,0.71,0.34,0.0,0.0,0.0,0.0,0.0,0.0,0.0,0.0,0.13,0.04,0.13,0.1,0.02
134,-12.3,8.1,661.9,-0.006,0.028,-0.065,0.01,0.0,0.72,0.43,0.0,0.0,0.0,0.0,0.0,0.0,0.0,0.0,0.15,0.0,0.1,0.03,0.0
135,-12.3,8.1,661.7,-0.009,0.028,-0.065,0.01,0.0,0.71,0.38,0.0,0.0,0.0,0.0,0.0,0.0,0.0,0.0,0.08,0.0,0.08,0.06,0.0
136,-12.4,8.0,661.6,-0.008,0.028,-0.065,0.01,0.0,0.69,0.48,0.0,0.0,0.0,0.0,0.0,0.0,0.0,0.0,0.02,0.0,0.03,0.05,0.0
137,-12.4,8.0,661.5,-0.009,0.028,-0.065,0.0,0.0,0.67,0.47,0.0,0.0,0.0,0.0,0.0,0.0,0.02,0.03,0.0,0.0,0.03,0.05,0.0
138,-12.4,8.0,661.3,-0.007,0.027,-0.064,0.0,0.02,0.67,0.51,0.0,0.0,0.0,0.0,0.0,0.0,0.05,0.03,0.0,0.0,0.02,0.03,0.0
139,-12.5,8.0,661.4,-0.009,0.027,-0.065,0.0,0.02,0.68,0.51,0.0,0.0,0.0,0.0,0.0,0.0,0.07,0.03,0.0,0.0,0.04,0.0,0.0
140,-12.5,8.0,661.1,-0.008,0.027,-0.065,0.0,0.02,0.71,0.45,0.0,0.0,0.0,0.0,0.0,0.0,0.05,0.0,0.0,0.0,0.1,0.0,0.0
141,-12.5,8.1,661.6,-0.009,0.028,-0.065,0.0,0.0,0.72,0.41,0.0,0.0,0.0,0.0,0.0,0.0,0.02,0.0,0.0,0.0,0.17,0.06,0.0
142,-12.5,8.2,661.4,-0.007,0.028,-0.065,0.01,0.06,0.73,0.41,0.0,0.0,0.0,0.0,0.0,0.0,0.0,0.0,0.03,0.0,0.21,0.13,0.07
143,-12.5,8.3,661.5,-0.008,0.027,-0.066,0.01,0.08,0.68,0.32,0.0,0.0,0.0,0.0,0.0,0.0,0.01,0.05,0.03,0.0,0.18,0.14,0.11
144,-12.5,8.3,661.7,-0.007,0.028,-0.066,0.01,0.08,0.68,0.28,0.0,0.0,0.0,0.0,0.0,0.0,0.04,0.05,0.03,0.0,0.19,0.14,0.17
145,-12.5,8.4,661.9,-0.008,0.026,-0.066,0.0,0.04,0.66,0.17,0.0,0.0,0.0,0.0,0.0,0.0,0.04,0.05,0.0,0.0,0.14,0.12,0.13
146,-12.5,8.3,662.1,-0.007,0.027,-0.065,0.0,0.03,0.71,0.15,0.0,0.0,0.0,0.0,0.0,0.0,0.03,0.0,0.0,0.0,0.12,0.13,0.14
147,-12.5,8.4,661.9,-0.009,0.026,-0.066,0.0,0.02,0.72,0.12,0.0,0.0,0.01,0.0,0.0,0.0,0.0,0.0,0.02,0.0,0.06,0.1,0.13
148,-12.5,8.4,662.3,-0.009,0.027,-0.065,0.0,0.03,0.73,0.13,0.0,0.0,0.01,0.0,0.0,0.0,0.0,0.0,0.02,0.0,0.03,0.06,0.14
149,-12.5,8.4,662.4,-0.01,0.026,-0.065,0.0,0.04,0.71,0.22,0.0,0.0,0.01,0.0,0.0,0.0,0.0,0.0,0.05,0.01,0.02,0.11,0.11
150,-12.5,8.4,662.1,-0.007,0.028,-0.065,0.0,0.09,0.69,0.27,0.0,0.0,0.0,0.0,0.0,0.0,0.01,0.01,0.03,0.01,0.0,0.08,0.07
151,-12.6,8.4,662.3,-0.01,0.027,-0.066,0.0,0.1,0.67,0.34,0.0,0.0,0.0,0.0,0.0,0.0,0.01,0.01,0.03,0.01,0.0,0.12,0.17
152,-12.6,8.5,662.4,-0.008,0.028,-0.065,0.01,0.09,0.74,0.28,0.0,0.0,0.0,0.0,0.0,0.0,0.05,0.01,0.0,0.0,0.01,0.05,0.23
153,-12.6,8.5,661.9,-0.008,0.026,-0.066,0.02,0.04,0.8,0.24,0.0,0.0,0.0,0.0,0.0,0.0,0.04,0.0,0.0,0.0,0.01,0.05,0.23
154,-12.6,8.5,661.8,-0.006,0.026,-0.066,0.1,0.03,0.88,0.15,0.0,0.0,0.0,0.0,0.0,0.0,0.04,0.0,0.0,0.0,0.04,0.01,0.13
155,-12.7,8.7,661.3,-0.006,0.025,-0.066,0.13,0.04,0.84,0.23,0.0,0.0,0.0,0.0,0.0,0.0,0.01,0.0,0.0,0.0,0.03,0.0,0.06
156,-12.8,8.7,660.7,-0.003,0.028,-0.066,0.11,0.06,0.77,0.2,0.0,0.0,0.0,0.0,0.0,0.0,0.0,0.0,0.04,0.0,0.07,0.0,0.05
157,-12.9,8.8,661.3,-0.003,0.028,-0.068,0.04,0.03,0.71,0.18,0.0,0.0,0.0,0.0,0.0,0.0,0.0,0.0,0.04,0.0,0.05,0.04,0.05
158,-13.1,8.9,662.0,-0.0,0.03,-0.067,0.01,0.02,0.68,0.06,0.0,0.0,0.02,0.0,0.0,0.0,0.0,0.0,0.04,0.0,0.06,0.13,0.13
159,-13.3,9.0,662.2,-0.004,0.028,-0.069,0.0,0.0,0.7,0.05,0.0,0.0,0.02,0.0,0.0,0.0,0.0,0.0,0.01,0.02,0.11,0.13,0.2
160,-13.5,9.0,662.1,-0.004,0.031,-0.069,0.0,0.02,0.68,0.04,0.0,0.0,0.02,0.0,0.0,0.0,0.0,0.0,0.0,0.02,0.11,0.17,0.24
161,-13.8,9.1,662.3,-0.003,0.032,-0.07,0.0,0.02,0.72,0.03,0.0,0.0,0.0,0.0,0.0,0.0,0.0,0.0,0.0,0.04,0.09,0.09,0.21
162,-14.1,9.2,662.0,-0.001,0.034,-0.07,0.0,0.02,0.72,0.03,0.0,0.0,0.0,0.0,0.0,0.0,0.0,0.0,0.0,0.03,0.02,0.14,0.13
163,-14.3,9.2,662.5,0.002,0.034,-0.071,0.0,0.02,0.75,0.0,0.0,0.0,0.0,0.0,0.0,0.0,0.0,0.0,0.0,0.03,0.04,0.15,0.06
164,-14.4,9.2,662.0,0.0,0.034,-0.072,0.0,0.03,0.75,0.0,0.0,0.0,0.0,0.0,0.0,0.0,0.0,0.01,0.05,0.0,0.04,0.22,0.01
165,-14.6,9.1,662.3,0.001,0.035,-0.072,0.0,0.04,0.73,0.0,0.0,0.0,0.0,0.0,0.0,0.0,0.0,0.01,0.05,0.0,0.02,0.18,0.01
166,-14.8,9.0,661.4,0.002,0.036,-0.072,0.0,0.05,0.73,0.0,0.0,0.0,0.0,0.0,0.0,0.0,0.0,0.01,0.05,0.0,0.0,0.1,0.0
167,-14.9,9.0,660.6,0.004,0.036,-0.072,0.0,0.04,0.69,0.0,0.0,0.0,0.0,0.0,0.0,0.0,0.0,0.0,0.03,0.0,0.0,0.03,0.0
168,-15.1,9.0,660.4,0.006,0.037,-0.072,0.0,0.03,0.68,0.0,0.0,0.0,0.0,0.0,0.0,0.0,0.0,0.04,0.05,0.02,0.0,0.05,0.0
169,-15.2,9.0,660.6,0.008,0.037,-0.072,0.0,0.01,0.68,0.0,0.0,0.0,0.0,0.0,0.0,0.0,0.0,0.04,0.11,0.05,0.01,0.15,0.0
170,-15.4,8.9,660.0,0.011,0.038,-0.071,0.0,0.05,0.67,0.01,0.0,0.0,0.0,0.0,0.0,0.0,0.0,0.05,0.17,0.07,0.03,0.26,0.0
171,-15.5,8.9,659.8,0.013,0.039,-0.07,0.0,0.13,0.67,0.01,0.0,0.0,0.0,0.0,0.0,0.0,0.0,0.01,0.22,0.08,0.09,0.34,0.0
172,-15.6,9.0,660.2,0.01,0.039,-0.072,0.0,0.14,0.67,0.01,0.0,0.0,0.0,0.0,0.0,0.0,0.0,0.01,0.32,0.05,0.1,0.32,0.0
173,-15.6,9.0,660.2,0.012,0.04,-0.07,0.0,0.11,0.67,0.0,0.0,0.0,0.0,0.0,0.0,0.0,0.0,0.0,0.29,0.04,0.08,0.35,0.0
174,-15.6,9.0,660.6,0.007,0.04,-0.071,0.0,0.06,0.69,0.0,0.0,0.0,0.0,0.0,0.0,0.0,0.02,0.0,0.31,0.01,0.03,0.23,0.0
175,-15.6,8.9,659.9,0.011,0.039,-0.07,0.0,0.06,0.66,0.0,0.0,0.0,0.0,0.0,0.0,0.0,0.03,0.0,0.24,0.02,0.01,0.27,0.0
176,-15.7,9.0,660.8,0.007,0.039,-0.072,0.0,0.07,0.65,0.01,0.0,0.0,0.0,0.0,0.0,0.0,0.03,0.0,0.25,0.03,0.01,0.13,0.0
177,-15.7,8.9,659.9,0.011,0.039,-0.071,0.0,0.03,0.62,0.01,0.0,0.0,0.0,0.0,0.0,0.0,0.01,0.03,0.14,0.06,0.0,0.18,0.0
178,-15.7,8.9,660.5,0.006,0.039,-0.072,0.0,0.01,0.64,0.01,0.0,0.0,0.0,0.0,0.0,0.0,0.03,0.06,0.15,0.05,0.0,0.09,0.0
179,-15.8,8.9,659.5,0.011,0.039,-0.072,0.0,0.0,0.66,0.01,0.0,0.0,0.0,0.0,0.0,0.0,0.03,0.09,0.16,0.06,0.0,0.09,0.0
180,-15.8,8.9,660.5,0.004,0.039,-0.073,0.0,0.0,0.67,0.01,0.0,0.0,0.0,0.0,0.0,0.0,0.04,0.1,0.28,0.05,0.0,0.04,0.0
181,-15.8,8.9,659.7,0.007,0.039,-0.072,0.0,0.0,0.67,0.05,0.0,0.0,0.0,0.0,0.0,0.0,0.05,0.11,0.32,0.03,0.0,0.0,0.0
182,-15.8,8.9,659.8,0.007,0.039,-0.072,0.0,0.0,0.62,0.03,0.0,0.0,0.0,0.0,0.0,0.0,0.11,0.14,0.29,0.03,0.0,0.0,0.0
183,-15.8,8.9,659.8,0.007,0.038,-0.072,0.0,0.0,0.61,0.03,0.0,0.0,0.0,0.0,0.0,0.0,0.09,0.11,0.26,0.02,0.02,0.05,0.0
184,-15.7,8.9,659.9,0.006,0.038,-0.072,0.0,0.0,0.56,0.0,0.0,0.0,0.0,0.0,0.0,0.0,0.06,0.08,0.25,0.04,0.09,0.14,0.0
185,-15.7,9.0,660.0,0.008,0.037,-0.073,0.0,0.0,0.6,0.0,0.0,0.0,0.0,0.0,0.0,0.0,0.0,0.03,0.26,0.04,0.18,0.21,0.0
186,-15.5,9.0,659.9,0.008,0.037,-0.073,0.0,0.0,0.59,0.0,0.0,0.0,0.0,0.0,0.0,0.0,0.06,0.06,0.18,0.08,0.19,0.18,0.0
187,-15.4,9.0,659.3,0.01,0.035,-0.073,0.0,0.0,0.66,0.0,0.0,0.0,0.0,0.0,0.0,0.0,0.06,0.09,0.07,0.09,0.11,0.11,0.0
188,-15.3,9.0,659.1,0.009,0.035,-0.072,0.0,0.0,0.67,0.0,0.0,0.0,0.0,0.0,0.0,0.0,0.06,0.09,0.05,0.1,0.03,0.16,0.0
189,-15.3,8.9,659.0,0.009,0.035,-0.072,0.0,0.0,0.71,0.0,0.0,0.0,0.0,0.0,0.0,0.0,0.0,0.07,0.14,0.06,0.04,0.15,0.0
190,-15.2,8.9,658.5,0.01,0.034,-0.072,0.0,0.0,0.68,0.0,0.0,0.0,0.0,0.0,0.0,0.0,0.0,0.1,0.14,0.08,0.06,0.15,0.0
191,-15.2,9.0,659.2,0.006,0.035,-0.073,0.0,0.01,0.69,0.0,0.0,0.0,0.0,0.0,0.0,0.0,0.03,0.15,0.16,0.09,0.1,0.07,0.0
192,-15.2,8.9,659.5,0.008,0.035,-0.072,0.0,0.01,0.71,0.01,0.0,0.0,0.0,0.0,0.0,0.0,0.03,0.16,0.06,0.11,0.07,0.06,0.0
193,-15.2,9.0,659.7,0.007,0.034,-0.072,0.0,0.01,0.72,0.01,0.0,0.0,0.0,0.0,0.0,0.0,0.03,0.11,0.06,0.09,0.08,0.04,0.0
194,-15.2,9.0,659.6,0.009,0.034,-0.071,0.0,0.0,0.71,0.01,0.0,0.0,0.0,0.0,0.0,0.0,0.0,0.08,0.0,0.09,0.05,0.0,0.0
195,-15.1,9.0,659.8,0.007,0.033,-0.072,0.01,0.0,0.72,0.0,0.0,0.0,0.0,0.0,0.0,0.0,0.0,0.1,0.03,0.07,0.05,0.0,0.0
196,-15.1,9.0,659.6,0.009,0.034,-0.071,0.01,0.02,0.71,0.0,0.0,0.0,0.0,0.0,0.0,0.0,0.0,0.12,0.03,0.08,0.02,0.0,0.0
197,-15.1,9.0,659.1,0.008,0.033,-0.072,0.01,0.02,0.7,0.0,0.0,0.0,0.0,0.0,0.0,0.0,0.0,0.08,0.03,0.05,0.01,0.0,0.0
198,-15.1,8.9,658.2,0.011,0.032,-0.071,0.0,0.02,0.7,0.0,0.0,0.0,0.0,0.0,0.0,0.0,0.01,0.05,0.0,0.08,0.0,0.07,0.0
199,-15.2,9.0,659.1,0.006,0.032,-0.073,0.01,0.01,0.69,0.0,0.0,0.0,0.0,0.0,0.0,0.0,0.02,0.04,0.04,0.11,0.0,0.14,0.0
200,-15.2,8.9,658.6,0.009,0.034,-0.073,0.01,0.0,0.7,0.04,0.0,0.0,0.0,0.0,0.0,0.0,0.02,0.04,0.11,0.13,0.03,0.17,0.0
201,-15.2,8.9,658.4,0.01,0.034,-0.073,0.01,0.0,0.69,0.04,0.0,0.0,0.0,0.0,0.0,0.0,0.01,0.03,0.13,0.14,0.12,0.15,0.0
202,-15.2,8.9,658.5,0.009,0.034,-0.073,0.01,0.0,0.72,0.04,0.0,0.0,0.0,0.0,0.0,0.0,0.0,0.0,0.15,0.13,0.17,0.07,0.0
203,-15.2,8.9,658.4,0.01,0.034,-0.073,0.0,0.0,0.69,0.03,0.0,0.0,0.0,0.0,0.0,0.0,0.0,0.02,0.08,0.14,0.2,0.13,0.0
204,-15.2,8.9,658.8,0.007,0.034,-0.073,0.0,0.0,0.7,0.03,0.0,0.0,0.0,0.0,0.0,0.0,0.0,0.04,0.05,0.11,0.17,0.08,0.0
205,-15.2,8.9,658.6,0.011,0.034,-0.072,0.0,0.0,0.67,0.03,0.0,0.0,0.0,0.0,0.0,0.0,0.0,0.07,0.0,0.13,0.18,0.1,0.0
206,-15.3,8.9,659.2,0.007,0.034,-0.073,0.0,0.0,0.71,0.0,0.0,0.0,0.0,0.0,0.0,0.0,0.01,0.06,0.07,0.13,0.11,0.02,0.0
207,-15.2,8.9,658.7,0.011,0.034,-0.072,0.0,0.0,0.7,0.0,0.0,0.0,0.0,0.0,0.0,0.0,0.01,0.07,0.07,0.17,0.06,0.02,0.0
208,-15.3,9.0,659.4,0.005,0.034,-0.073,0.03,0.0,0.71,0.0,0.0,0.0,0.0,0.0,0.0,0.0,0.01,0.07,0.09,0.12,0.08,0.01,0.0
209,-15.3,8.9,658.7,0.009,0.034,-0.072,0.03,0.0,0.72,0.0,0.0,0.0,0.0,0.0,0.0,0.0,0.0,0.14,0.03,0.11,0.12,0.03,0.0
210,-15.5,8.9,659.1,0.008,0.035,-0.073,0.03,0.0,0.76,0.0,0.0,0.0,0.0,0.0,0.0,0.0,0.0,0.13,0.05,0.09,0.15,0.03,0.0
211,-15.6,8.9,659.0,0.009,0.035,-0.072,0.0,0.0,0.79,0.02,0.0,0.0,0.0,0.0,0.0,0.0,0.0,0.13,0.02,0.15,0.12,0.02,0.0
212,-15.6,8.9,659.2,0.007,0.036,-0.074,0.0,0.0,0.81,0.02,0.0,0.0,0.0,0.0,0.0,0.0,0.0,0.05,0.04,0.14,0.13,0.0,0.0
213,-15.6,9.0,659.2,0.01,0.036,-0.073,0.0,0.01,0.76,0.02,0.0,0.0,0.0,0.0,0.0,0.0,0.0,0.05,0.02,0.13,0.16,0.02,0.0
214,-15.6,9.2,659.6,0.006,0.035,-0.074,0.0,0.02,0.72,0.0,0.0,0.0,0.0,0.0,0.0,0.0,0.0,0.03,0.02,0.06,0.13,0.02,0.0
215,-15.5,9.2,658.8,0.011,0.035,-0.074,0.0,0.03,0.66,0.0,0.0,0.0,0.0,0.0,0.0,0.0,0.0,0.11,0.0,0.07,0.15,0.04,0.0
216,-15.5,9.4,659.2,0.01,0.036,-0.075,0.0,0.03,0.64,0.0,0.0,0.0,0.0,0.0,0.0,0.0,0.0,0.17,0.0,0.02,0.12,0.02,0.0
217,-15.4,9.3,659.3,0.009,0.036,-0.073,0.0,0.04,0.66,0.03,0.0,0.0,0.0,0.0,0.0,0.0,0.01,0.22,0.0,0.03,0.16,0.02,0.0
218,-15.4,9.4,659.7,0.006,0.036,-0.074,0.0,0.03,0.71,0.03,0.0,0.0,0.0,0.0,0.0,0.0,0.05,0.19,0.0,0.01,0.16,0.0,0.0
219,-15.4,9.3,659.6,0.01,0.036,-0.073,0.0,0.03,0.76,0.05,0.0,0.0,0.0,0.0,0.0,0.0,0.05,0.21,0.0,0.02,0.18,0.0,0.0
220,-15.4,9.3,659.6,0.008,0.035,-0.073,0.0,0.0,0.78,0.01,0.0,0.0,0.0,0.0,0.0,0.0,0.04,0.17,0.0,0.0,0.17,0.05,0.0
221,-15.5,9.3,659.2,0.011,0.035,-0.073,0.0,0.0,0.76,0.05,0.0,0.0,0.0,0.0,0.0,0.0,0.0,0.15,0.0,0.05,0.09,0.1,0.0
222,-15.5,9.4,659.3,0.007,0.035,-0.075,0.0,0.02,0.75,0.09,0.0,0.0,0.0,0.0,0.0,0.0,0.0,0.06,0.0,0.06,0.07,0.14,0.0
223,-15.5,9.3,658.6,0.012,0.036,-0.073,0.0,0.02,0.71,0.18,0.0,0.0,0.0,0.0,0.0,0.0,0.0,0.03,0.0,0.08,0.06,0.09,0.0
224,-15.6,9.4,659.5,0.008,0.036,-0.074,0.0,0.02,0.72,0.15,0.0,0.0,0.0,0.0,0.0,0.0,0.0,0.01,0.0,0.04,0.13,0.07,0.0
225,-15.6,9.4,658.6,0.013,0.038,-0.075,0.0,0.0,0.71,0.1,0.0,0.0,0.0,0.0,0.0,0.0,0.0,0.01,0.0,0.07,0.16,0.14,0.0
226,-15.6,9.4,659.2,0.008,0.037,-0.075,0.0,0.0,0.75,0.04,0.0,0.0,0.0,0.0,0.0,0.0,0.0,0.08,0.0,0.08,0.13,0.14,0.0
227,-15.6,9.4,658.5,0.012,0.038,-0.075,0.0,0.0,0.77,0.04,0.0,0.0,0.0,0.0,0.0,0.0,0.0,0.07,0.0,0.1,0.06,0.1,0.0
228,-15.7,9.4,659.5,0.008,0.038,-0.075,0.0,0.0,0.77,0.03,0.0,0.0,0.0,0.0,0.0,0.0,0.0,0.07,0.0,0.1,0.0,0.0,0.0
229,-15.7,9.3,659.2,0.011,0.039,-0.075,0.0,0.0,0.73,0.0,0.0,0.0,0.0,0.0,0.0,0.0,0.02,0.03,0.0,0.12,0.02,0.15,0.0
230,-15.7,9.3,659.7,0.005,0.039,-0.076,0.0,0.0,0.72,0.0,0.0,0.0,0.0,0.0,0.0,0.0,0.02,0.05,0.0,0.13,0.03,0.15,0.0
231,-15.7,9.2,659.2,0.008,0.039,-0.075,0.0,0.0,0.74,0.0,0.0,0.0,0.0,0.0,0.0,0.0,0.02,0.06,0.0,0.13,0.05,0.15,0.0
232,-15.8,9.3,659.8,0.008,0.039,-0.075,0.0,0.0,0.76,0.0,0.0,0.0,0.0,0.0,0.0,0.0,0.0,0.05,0.0,0.11,0.04,0.0,0.0
233,-15.7,9.3,659.3,0.009,0.039,-0.075,0.0,0.0,0.76,0.0,0.0,0.0,0.0,0.0,0.0,0.0,0.0,0.05,0.0,0.07,0.06,0.03,0.0
234,-15.6,9.3,659.3,0.008,0.038,-0.075,0.0,0.0,0.73,0.0,0.0,0.0,0.0,0.0,0.0,0.0,0.0,0.08,0.0,0.06,0.09,0.03,0.0
235,-15.6,9.3,659.6,0.007,0.038,-0.075,0.0,0.03,0.72,0.0,0.0,0.0,0.0,0.0,0.0,0.0,0.0,0.08,0.0,0.04,0.1,0.12,0.0
236,-15.6,9.4,660.3,0.007,0.038,-0.075,0.0,0.03,0.73,0.0,0.0,0.0,0.0,0.0,0.0,0.0,0.0,0.1,0.0,0.03,0.08,0.09,0.0
237,-15.6,9.3,659.5,0.008,0.037,-0.075,0.0,0.03,0.74,0.0,0.0,0.0,0.0,0.0,0.0,0.0,0.0,0.09,0.0,0.02,0.04,0.15,0.0
238,-15.6,9.3,659.4,0.007,0.038,-0.075,0.0,0.0,0.76,0.0,0.0,0.0,0.0,0.0,0.0,0.0,0.0,0.07,0.0,0.02,0.06,0.11,0.0
239,-15.7,9.2,659.4,0.008,0.038,-0.075,0.0,0.01,0.71,0.0,0.0,0.0,0.0,0.0,0.0,0.0,0.0,0.06,0.0,0.04,0.09,0.25,0.0
240,-15.7,9.2,659.4,0.007,0.039,-0.075,0.0,0.02,0.72,0.0,0.0,0.0,0.0,0.0,0.0,0.0,0.0,0.07,0.0,0.04,0.1,0.28,0.0
241,-15.7,9.2,659.5,0.009,0.039,-0.075,0.0,0.04,0.73,0.0,0.0,0.0,0.0,0.0,0.0,0.0,0.0,0.16,0.0,0.04,0.1,0.3,0.0
242,-15.7,9.3,659.9,0.007,0.039,-0.075,0.01,0.04,0.76,0.0,0.0,0.0,0.0,0.0,0.0,0.0,0.0,0.17,0.0,0.03,0.07,0.24,0.0
243,-15.6,9.3,659.7,0.01,0.039,-0.075,0.01,0.02,0.76,0.0,0.0,0.0,0.0,0.0,0.0,0.0,0.0,0.2,0.0,0.04,0.04,0.15,0.0
244,-15.7,9.4,660.2,0.007,0.039,-0.075,0.01,0.02,0.75,0.0,0.0,0.0,0.0,0.0,0.0,0.0,0.0,0.11,0.04,0.03,0.0,0.15,0.0
245,-15.6,9.3,659.8,0.01,0.039,-0.075,0.0,0.02,0.72,0.0,0.0,0.0,0.0,0.0,0.0,0.0,0.0,0.14,0.05,0.04,0.0,0.16,0.0
246,-15.6,9.4,660.8,0.003,0.039,-0.076,0.0,0.02,0.75,0.0,0.0,0.0,0.0,0.0,0.0,0.0,0.0,0.13,0.05,0.02,0.0,0.23,0.0
247,-15.6,9.3,660.2,0.007,0.039,-0.075,0.0,0.0,0.78,0.0,0.0,0.0,0.0,0.0,0.0,0.0,0.0,0.13,0.01,0.02,0.0,0.28,0.0
248,-15.6,9.3,659.9,0.008,0.038,-0.075,0.0,0.0,0.83,0.0,0.0,0.0,0.0,0.0,0.0,0.0,0.0,0.09,0.0,0.01,0.0,0.23,0.0
249,-15.6,9.3,660.2,0.004,0.038,-0.075,0.01,0.0,0.82,0.0,0.0,0.0,0.0,0.0,0.0,0.0,0.02,0.04,0.16,0.0,0.01,0.28,0.0
250,-15.7,9.2,660.4,0.009,0.038,-0.073,0.01,0.0,0.74,0.0,0.0,0.0,0.0,0.0,0.0,0.0,0.02,0.12,0.21,0.01,0.04,0.26,0.0
251,-15.8,9.3,661.3,0.004,0.038,-0.075,0.01,0.0,0.68,0.0,0.0,0.0,0.0,0.0,0.0,0.0,0.02,0.16,0.32,0.01,0.1,0.38,0.0
252,-15.8,9.3,660.3,0.009,0.038,-0.074,0.0,0.0,0.62,0.0,0.0,0.0,0.0,0.0,0.0,0.0,0.0,0.18,0.23,0.01,0.12,0.43,0.0
253,-15.8,9.3,660.4,0.009,0.039,-0.074,0.0,0.0,0.66,0.0,0.0,0.0,0.0,0.0,0.0,0.0,0.0,0.17,0.22,0.01,0.13,0.45,0.0
254,-15.8,9.3,660.5,0.007,0.038,-0.075,0.0,0.0,0.66,0.0,0.0,0.0,0.0,0.0,0.0,0.0,0.01,0.18,0.17,0.01,0.14,0.35,0.0
255,-15.8,9.2,660.4,0.011,0.039,-0.074,0.0,0.03,0.69,0.01,0.0,0.0,0.0,0.0,0.0,0.0,0.03,0.24,0.1,0.01,0.17,0.17,0.0
256,-15.8,9.3,661.7,0.004,0.039,-0.075,0.01,0.04,0.7,0.01,0.0,0.0,0.0,0.0,0.0,0.0,0.03,0.27,0.17,0.0,0.15,0.08,0.0
257,-15.8,9.3,660.6,0.007,0.039,-0.074,0.01,0.05,0.72,0.01,0.0,0.0,0.0,0.0,0.0,0.0,0.06,0.28,0.17,0.01,0.16,0.05,0.0
258,-15.8,9.2,660.2,0.006,0.039,-0.074,0.03,0.02,0.71,0.0,0.0,0.0,0.0,0.0,0.0,0.0,0.06,0.28,0.23,0.01,0.14,0.04,0.0
259,-15.7,9.2,660.7,0.005,0.039,-0.075,0.02,0.01,0.7,0.0,0.0,0.0,0.0,0.0,0.0,0.0,0.06,0.24,0.21,0.01,0.13,0.06,0.0
260,-15.7,9.2,660.8,0.005,0.039,-0.074,0.02,0.04,0.72,0.0,0.0,0.0,0.0,0.0,0.0,0.0,0.02,0.15,0.29,0.0,0.07,0.06,0.0
261,-15.6,9.2,660.0,0.007,0.038,-0.075,0.03,0.06,0.76,0.0,0.0,0.0,0.0,0.0,0.0,0.0,0.01,0.12,0.36,0.0,0.11,0.14,0.0
262,-15.6,9.2,660.2,0.008,0.038,-0.074,0.09,0.08,0.76,0.0,0.0,0.0,0.0,0.0,0.0,0.0,0.03,0.13,0.41,0.0,0.14,0.15,0.0
263,-15.6,9.2,660.9,0.004,0.038,-0.074,0.11,0.04,0.72,0.0,0.0,0.0,0.0,0.0,0.0,0.0,0.06,0.23,0.31,0.0,0.11,0.13,0.0
264,-15.6,9.2,660.9,0.007,0.039,-0.073,0.08,0.02,0.66,0.0,0.0,0.0,0.0,0.0,0.0,0.0,0.08,0.29,0.23,0.0,0.09,0.05,0.0
265,-15.6,9.3,661.7,0.002,0.038,-0.075,0.02,0.0,0.66,0.0,0.0,0.0,0.0,0.0,0.0,0.0,0.05,0.31,0.24,0.0,0.06,0.07,0.0
266,-15.6,9.3,661.0,0.006,0.039,-0.074,0.0,0.0,0.64,0.0,0.0,0.0,0.0,0.0,0.0,0.0,0.02,0.26,0.29,0.0,0.07,0.08,0.0
267,-15.6,9.3,661.3,0.004,0.039,-0.074,0.01,0.0,0.67,0.0,0.0,0.0,0.0,0.0,0.0,0.0,0.0,0.16,0.38,0.0,0.01,0.13,0.0
268,-15.6,9.3,660.8,0.009,0.039,-0.073,0.01,0.02,0.67,0.0,0.0,0.0,0.0,0.0,0.0,0.0,0.0,0.16,0.28,0.01,0.06,0.12,0.0
269,-15.7,9.3,661.5,0.002,0.039,-0.075,0.01,0.02,0.68,0.0,0.0,0.0,0.0,0.0,0.0,0.0,0.0,0.19,0.27,0.02,0.07,0.1,0.0
270,-15.7,9.3,661.0,0.008,0.039,-0.074,0.02,0.06,0.7,0.0,0.0,0.0,0.0,0.0,0.0,0.0,0.0,0.3,0.15,0.02,0.09,0.07,0.0
271,-15.7,9.3,661.1,0.004,0.039,-0.075,0.02,0.04,0.69,0.0,0.0,0.0,0.0,0.0,0.0,0.0,0.02,0.29,0.17,0.01,0.04,0.02,0.0
272,-15.7,9.3,660.9,0.008,0.04,-0.074,0.02,0.04,0.67,0.0,0.0,0.0,0.0,0.0,0.0,0.0,0.02,0.32,0.08,0.03,0.02,0.02,0.0
273,-15.7,9.4,661.1,0.005,0.039,-0.075,0.0,0.0,0.65,0.0,0.0,0.0,0.0,0.0,0.0,0.0,0.03,0.31,0.09,0.04,0.0,0.0,0.0
274,-15.7,9.4,660.1,0.011,0.04,-0.075,0.0,0.02,0.7,0.0,0.0,0.0,0.0,0.0,0.0,0.0,0.01,0.35,0.03,0.06,0.0,0.0,0.0
275,-15.7,9.4,660.7,0.006,0.039,-0.076,0.0,0.02,0.71,0.0,0.0,0.0,0.0,0.0,0.0,0.0,0.01,0.32,0.03,0.04,0.0,0.0,0.0
276,-15.7,9.4,660.2,0.011,0.039,-0.074,0.0,0.07,0.73,0.0,0.0,0.0,0.0,0.0,0.0,0.0,0.0,0.35,0.0,0.05,0.0,0.01,0.0
277,-15.8,9.4,661.2,0.005,0.039,-0.075,0.0,0.04,0.69,0.0,0.0,0.0,0.0,0.0,0.0,0.0,0.0,0.34,0.01,0.03,0.0,0.03,0.0
278,-15.8,9.4,660.9,0.008,0.041,-0.074,0.0,0.04,0.71,0.0,0.0,0.0,0.0,0.0,0.0,0.0,0.0,0.32,0.01,0.03,0.0,0.12,0.0
279,-15.9,9.4,661.1,0.004,0.041,-0.076,0.0,0.0,0.69,0.0,0.0,0.0,0.0,0.0,0.0,0.0,0.0,0.27,0.06,0.02,0.02,0.19,0.0
280,-15.9,9.3,660.7,0.01,0.041,-0.074,0.03,0.02,0.75,0.01,0.0,0.0,0.0,0.0,0.0,0.0,0.0,0.27,0.06,0.02,0.02,0.18,0.04
281,-16.1,9.6,663.3,0.002,0.041,-0.076,0.07,0.02,0.74,0.1,0.0,0.05,0.0,0.0,0.0,0.0,0.01,0.33,0.14,0.02,0.05,0.23,0.14
282,-16.2,9.7,666.2,0.007,0.046,-0.074,0.11,0.02,0.77,0.1,0.0,0.14,0.0,0.0,0.0,0.0,0.01,0.4,0.09,0.0,0.05,0.24,0.29
283,-16.2,9.7,665.2,0.003,0.041,-0.076,0.08,0.01,0.72,0.08,0.0,0.17,0.0,0.0,0.0,0.0,0.01,0.38,0.16,0.0,0.05,0.32,0.34
284,-16.2,9.6,664.1,0.008,0.043,-0.076,0.04,0.0,0.73,0.0,0.0,0.13,0.0,0.0,0.0,0.0,0.0,0.36,0.08,0.0,0.02,0.24,0.35
285,-16.3,9.7,664.7,0.004,0.041,-0.077,0.03,0.0,0.71,0.01,0.0,0.08,0.0,0.0,0.0,0.0,0.02,0.29,0.08,0.0,0.0,0.23,0.33
286,-16.3,9.6,664.3,0.007,0.044,-0.075,0.06,0.0,0.73,0.01,0.0,0.05,0.0,0.0,0.0,0.0,0.02,0.28,0.0,0.0,0.0,0.14,0.36
287,-16.3,9.7,664.3,0.003,0.043,-0.077,0.06,0.0,0.75,0.01,0.0,0.04,0.0,0.0,0.0,0.0,0.09,0.26,0.03,0.0,0.0,0.12,0.32
288,-16.3,9.6,663.6,0.006,0.043,-0.076,0.06,0.01,0.77,0.0,0.0,0.03,0.0,0.0,0.0,0.0,0.07,0.25,0.03,0.0,0.0,0.06,0.21
289,-16.3,9.7,664.5,0.003,0.042,-0.077,0.04,0.01,0.78,0.0,0.0,0.03,0.0,0.0,0.0,0.0,0.1,0.18,0.06,0.0,0.0,0.09,0.28
290,-16.2,9.7,665.9,0.007,0.046,-0.074,0.04,0.01,0.76,0.0,0.0,0.07,0.0,0.0,0.0,0.0,0.03,0.15,0.03,0.0,0.0,0.08,0.41
291,-16.3,9.7,667.0,0.003,0.045,-0.076,0.02,0.0,0.79,0.0,0.0,0.04,0.0,0.0,0.0,0.0,0.05,0.13,0.05,0.0,0.0,0.13,0.59
292,-16.3,9.7,666.5,0.006,0.047,-0.074,0.02,0.0,0.79,0.0,0.0,0.07,0.0,0.0,0.0,0.0,0.03,0.2,0.1,0.0,0.0,0.12,0.62
293,-16.3,9.7,667.4,0.004,0.046,-0.075,0.02,0.0,0.78,0.0,0.0,0.02,0.0,0.0,0.0,0.0,0.09,0.26,0.15,0.0,0.01,0.12,0.61
294,-16.3,9.7,666.8,0.006,0.048,-0.074,0.0,0.0,0.76,0.0,0.0,0.07,0.0,0.0,0.0,0.0,0.07,0.26,0.13,0.0,0.01,0.09,0.59
295,-16.4,9.7,667.3,0.003,0.047,-0.076,0.04,0.0,0.75,0.0,0.0,0.05,0.0,0.0,0.0,0.0,0.09,0.25,0.05,0.0,0.02,0.06,0.5
296,-16.5,9.6,667.3,0.009,0.049,-0.074,0.05,0.0,0.73,0.0,0.0,0.05,0.0,0.0,0.0,0.0,0.06,0.17,0.0,0.0,0.06,0.03,0.35
297,-16.6,9.5,668.5,0.006,0.053,-0.074,0.08,0.0,0.72,0.0,0.0,0.01,0.0,0.0,0.0,0.0,0.09,0.16,0.02,0.0,0.06,0.01,0.25
298,-16.7,9.5,668.5,0.009,0.056,-0.074,0.04,0.0,0.72,0.0,0.0,0.0,0.0,0.0,0.0,0.0,0.07,0.11,0.02,0.0,0.12,0.01,0.14
299,-16.7,9.6,669.1,0.004,0.055,-0.075,0.03,0.0,0.76,0.0,0.0,0.0,0.0,0.0,0.0,0.0,0.04,0.09,0.06,0.0,0.15,0.08,0.14
300,-16.6,9.5,667.6,0.009,0.056,-0.073,0.01,0.0,0.79,0.0,0.0,0.0,0.0,0.0,0.0,0.0,0.01,0.04,0.04,0.0,0.16,0.12,0.09
301,-16.7,9.6,667.9,0.005,0.056,-0.073,0.0,0.0,0.81,0.0,0.0,0.0,0.0,0.0,0.0,0.0,0.0,0.05,0.07,0.0,0.14,0.26,0.08
302,-16.7,9.5,667.8,0.009,0.056,-0.073,0.0,0.0,0.82,0.0,0.0,0.0,0.0,0.0,0.0,0.0,0.0,0.03,0.03,0.0,0.18,0.25,0.06
303,-16.7,9.6,667.5,0.005,0.055,-0.073,0.0,0.0,0.83,0.0,0.0,0.0,0.0,0.0,0.0,0.0,0.0,0.06,0.03,0.0,0.25,0.25,0.04
304,-16.8,9.5,667.7,0.01,0.057,-0.073,0.01,0.0,0.84,0.0,0.0,0.0,0.0,0.0,0.0,0.0,0.0,0.07,0.0,0.0,0.29,0.12,0.05
305,-16.9,9.6,667.8,0.005,0.056,-0.074,0.01,0.0,0.84,0.0,0.0,0.0,0.0,0.0,0.0,0.0,0.0,0.07,0.0,0.0,0.35,0.18,0.09
306,-16.9,9.5,667.1,0.013,0.058,-0.074,0.01,0.0,0.82,0.0,0.0,0.0,0.0,0.0,0.0,0.0,0.03,0.03,0.0,0.0,0.35,0.19,0.1
307,-17.0,9.5,667.0,0.009,0.058,-0.074,0.0,0.0,0.77,0.0,0.0,0.0,0.0,0.0,0.0,0.0,0.03,0.02,0.0,0.0,0.34,0.24,0.12
308,-17.0,9.6,667.9,0.0,0.056,-0.078,0.02,0.0,0.75,0.0,0.0,0.0,0.0,0.0,0.0,0.0,0.03,0.02,0.0,0.0,0.26,0.13,0.06
309,-17.0,9.5,667.2,0.005,0.058,-0.076,0.04,0.0,0.75,0.0,0.0,0.0,0.0,0.0,0.0,0.0,0.0,0.02,0.01,0.0,0.26,0.16,0.05
310,-17.1,9.6,668.3,0.002,0.058,-0.078,0.09,0.0,0.77,0.0,0.0,0.0,0.0,0.0,0.0,0.0,0.0,0.0,0.01,0.0,0.32,0.15,0.09
311,-17.1,9.5,667.5,0.007,0.059,-0.076,0.09,0.0,0.79,0.0,0.0,0.0,0.0,0.0,0.0,0.0,0.0,0.0,0.04,0.0,0.37,0.14,0.08
312,-17.1,9.6,668.1,0.0,0.057,-0.078,0.15,0.0,0.8,0.0,0.0,0.0,0.0,0.0,0.0,0.0,0.0,0.02,0.07,0.0,0.38,0.12,0.09
313,-17.1,9.6,668.2,0.003,0.058,-0.077,0.17,0.0,0.83,0.0,0.0,0.0,0.0,0.0,0.0,0.0,0.0,0.09,0.06,0.0,0.31,0.15,0.14
314,-17.0,9.6,667.5,0.004,0.056,-0.076,0.17,0.0,0.85,0.0,0.0,0.05,0.0,0.0,0.0,0.0,0.0,0.15,0.04,0.0,0.23,0.22,0.34
315,-17.0,9.6,664.4,0.003,0.049,-0.08,0.17,0.01,0.86,0.0,0.0,0.12,0.0,0.0,0.0,0.0,0.0,0.13,0.0,0.0,0.28,0.26,0.5
316,-16.9,9.5,663.3,0.011,0.05,-0.078,0.18,0.01,0.84,0.0,0.0,0.17,0.0,0.0,0.0,0.0,0.0,0.09,0.0,0.0,0.32,0.27,0.59
317,-16.9,9.6,663.7,0.009,0.047,-0.079,0.22,0.01,0.77,0.0,0.0,0.25,0.0,0.0,0.0,0.0,0.04,0.05,0.0,0.0,0.31,0.21,0.59
318,-16.8,9.7,664.3,0.006,0.047,-0.081,0.21,0.0,0.71,0.0,0.0,0.27,0.0,0.0,0.0,0.0,0.05,0.14,0.0,0.0,0.27,0.23,0.54
319,-16.7,9.6,662.7,0.013,0.046,-0.079,0.18,0.02,0.67,0.0,0.0,0.33,0.02,0.0,0.0,0.0,0.05,0.14,0.01,0.0,0.23,0.21,0.55
320,-16.7,9.6,663.2,0.01,0.046,-0.08,0.15,0.02,0.69,0.0,0.0,0.28,0.01,0.0,0.0,0.0,0.1,0.18,0.04,0.0,0.27,0.24,0.48
321,-16.7,9.5,663.4,0.01,0.047,-0.079,0.15,0.02,0.73,0.0,0.0,0.33,0.01,0.0,0.0,0.0,0.09,0.1,0.05,0.0,0.22,0.19,0.54
322,-16.7,9.6,664.0,0.006,0.046,-0.08,0.19,0.0,0.75,0.0,0.0,0.32,0.0,0.0,0.0,0.0,0.15,0.13,0.16,0.0,0.2,0.2,0.48
323,-16.6,9.5,662.6,0.011,0.047,-0.079,0.2,0.0,0.74,0.0,0.0,0.3,0.0,0.0,0.0,0.0,0.07,0.16,0.17,0.0,0.19,0.25,0.46
324,-16.6,9.5,663.5,0.007,0.046,-0.079,0.21,0.0,0.73,0.0,0.0,0.27,0.0,0.0,0.0,0.0,0.13,0.24,0.21,0.0,0.19,0.23,0.41
325,-16.5,9.4,663.1,0.007,0.046,-0.079,0.17,0.0,0.76,0.0,0.0,0.29,0.0,0.0,0.0,0.0,0.06,0.26,0.17,0.0,0.18,0.22,0.41
326,-16.5,9.4,663.4,0.003,0.045,-0.08,0.21,0.0,0.75,0.0,0.0,0.38,0.0,0.0,0.0,0.0,0.09,0.29,0.22,0.0,0.17,0.16,0.47
327,-16.5,9.4,662.6,0.008,0.046,-0.079,0.16,0.0,0.76,0.0,0.0,0.43,0.01,0.0,0.0,0.0,0.03,0.27,0.24,0.0,0.14,0.15,0.55
328,-16.6,9.5,664.1,0.002,0.045,-0.08,0.2,0.0,0.77,0.0,0.0,0.39,0.01,0.0,0.0,0.0,0.03,0.3,0.24,0.0,0.16,0.07,0.57
329,-16.5,9.4,663.0,0.006,0.046,-0.079,0.14,0.0,0.8,0.0,0.0,0.41,0.01,0.0,0.0,0.0,0.0,0.29,0.17,0.0,0.16,0.11,0.54
330,-16.6,9.4,663.4,0.004,0.046,-0.079,0.16,0.0,0.82,0.0,0.0,0.29,0.0,0.0,0.0,0.0,0.05,0.3,0.11,0.0,0.14,0.11,0.44
331,-16.6,9.4,663.4,0.007,0.046,-0.078,0.15,0.0,0.84,0.0,0.0,0.26,0.0,0.0,0.0,0.0,0.06,0.34,0.07,0.0,0.08,0.18,0.48
332,-16.6,9.5,664.4,0.001,0.045,-0.08,0.15,0.0,0.84,0.0,0.0,0.19,0.0,0.0,0.0,0.0,0.1,0.35,0.07,0.0,0.04,0.16,0.51
333,-16.6,9.4,663.8,0.005,0.046,-0.079,0.11,0.0,0.83,0.0,0.0,0.27,0.0,0.0,0.0,0.0,0.09,0.31,0.06,0.0,0.06,0.2,0.58
334,-16.6,9.3,663.3,0.006,0.046,-0.077,0.05,0.0,0.85,0.0,0.0,0.28,0.0,0.0,0.0,0.0,0.09,0.18,0.02,0.0,0.06,0.2,0.5
335,-16.7,9.2,662.4,0.006,0.047,-0.078,0.02,0.0,0.9,0.0,0.0,0.26,0.0,0.0,0.0,0.0,0.06,0.1,0.03,0.0,0.03,0.17,0.4
336,-16.7,9.1,662.1,0.006,0.047,-0.078,0.0,0.0,0.93,0.0,0.0,0.23,0.02,0.0,0.0,0.0,0.03,0.05,0.07,0.0,0.0,0.14,0.2
337,-16.8,9.1,663.4,0.007,0.048,-0.079,0.02,0.01,0.91,0.0,0.0,0.22,0.02,0.0,0.0,0.0,0.03,0.1,0.1,0.0,0.05,0.09,0.13
338,-16.9,9.0,662.9,0.008,0.049,-0.079,0.03,0.04,0.89,0.0,0.0,0.16,0.01,0.0,0.0,0.0,0.02,0.13,0.08,0.0,0.05,0.14,0.07
339,-16.9,9.1,663.4,0.005,0.05,-0.08,0.07,0.04,0.91,0.0,0.0,0.13,0.03,0.0,0.0,0.0,0.09,0.18,0.17,0.0,0.05,0.12,0.14
340,-16.9,9.0,662.6,0.011,0.049,-0.079,0.06,0.02,0.91,0.0,0.0,0.08,0.03,0.0,0.0,0.0,0.1,0.22,0.14,0.0,0.0,0.17,0.14
341,-16.9,9.1,663.6,0.004,0.049,-0.08,0.07,0.0,0.93,0.0,0.0,0.1,0.05,0.0,0.0,0.0,0.13,0.24,0.25,0.0,0.02,0.19,0.16
342,-16.9,9.0,662.9,0.01,0.049,-0.08,0.03,0.0,0.91,0.0,0.0,0.1,0.04,0.0,0.0,0.0,0.09,0.23,0.15,0.0,0.02,0.2,0.11
343,-16.8,9.1,662.3,0.003,0.048,-0.079,0.06,0.0,0.91,0.0,0.0,0.12,0.04,0.0,0.0,0.0,0.14,0.16,0.23,0.0,0.02,0.23,0.07
344,-16.8,9.0,662.0,0.007,0.048,-0.079,0.04,0.0,0.9,0.0,0.0,0.09,0.03,0.0,0.0,0.0,0.13,0.15,0.18,0.0,0.01,0.24,0.05
345,-16.7,9.0,662.3,-0.002,0.046,-0.079,0.04,0.0,0.88,0.0,0.0,0.04,0.03,0.0,0.0,0.0,0.09,0.16,0.2,0.0,0.03,0.3,0.03
346,-16.6,8.9,662.4,0.003,0.048,-0.081,0.01,0.0,0.81,0.0,0.0,0.0,0.02,0.0,0.0,0.0,0.09,0.17,0.2,0.0,0.03,0.2,0.01
347,-16.5,8.8,660.0,0.004,0.045,-0.078,0.01,0.0,0.78,0.0,0.0,0.0,0.04,0.0,0.0,0.0,0.07,0.18,0.15,0.0,0.02,0.11,0.01
348,-16.6,8.9,660.7,-0.003,0.046,-0.08,0.01,0.02,0.77,0.0,0.0,0.0,0.03,0.0,0.0,0.0,0.06,0.21,0.17,0.0,0.04,0.1,0.01
349,-16.5,8.8,660.0,0.005,0.046,-0.08,0.0,0.02,0.82,0.0,0.0,0.0,0.04,0.0,0.0,0.0,0.04,0.29,0.13,0.02,0.04,0.2,0.0
350,-16.5,8.7,659.6,0.009,0.046,-0.079,0.03,0.01,0.84,0.0,0.0,0.0,0.01,0.0,0.0,0.0,0.07,0.32,0.13,0.05,0.04,0.28,0.0
351,-16.6,8.8,660.9,-0.001,0.046,-0.08,0.03,0.0,0.83,0.0,0.0,0.0,0.0,0.0,0.0,0.0,0.07,0.34,0.07,0.06,0.0,0.26,0.0
352,-16.6,8.7,660.6,0.003,0.047,-0.079,0.03,0.0,0.83,0.0,0.0,0.0,0.0,0.0,0.0,0.0,0.03,0.31,0.07,0.05,0.0,0.26,0.0
353,-16.6,8.7,661.1,0.001,0.046,-0.08,0.0,0.0,0.82,0.0,0.0,0.0,0.0,0.0,0.0,0.0,0.0,0.31,0.1,0.03,0.0,0.27,0.0
354,-16.6,8.6,660.5,0.005,0.047,-0.079,0.01,0.05,0.86,0.0,0.0,0.0,0.0,0.0,0.0,0.0,0.0,0.27,0.08,0.05,0.0,0.31,0.0
355,-16.6,8.7,661.3,0.0,0.047,-0.081,0.03,0.06,0.89,0.0,0.0,0.0,0.0,0.0,0.0,0.0,0.0,0.21,0.03,0.04,0.0,0.3,0.0
356,-16.6,8.6,659.9,0.003,0.047,-0.08,0.03,0.06,0.91,0.0,0.0,0.0,0.0,0.0,0.0,0.0,0.07,0.18,0.03,0.04,0.0,0.24,0.0
357,-16.6,8.5,659.5,0.005,0.046,-0.079,0.03,0.05,0.92,0.0,0.0,0.0,0.01,0.0,0.0,0.0,0.07,0.16,0.09,0.03,0.0,0.2,0.0
358,-16.6,8.5,660.8,-0.003,0.045,-0.081,0.05,0.03,0.9,0.0,0.0,0.0,0.01,0.0,0.0,0.0,0.07,0.22,0.09,0.02,0.0,0.17,0.0
359,-16.6,8.4,660.3,-0.002,0.047,-0.081,0.06,0.05,0.87,0.0,0.0,0.0,0.01,0.0,0.0,0.0,0.01,0.29,0.05,0.02,0.02,0.24,0.0
360,-16.6,8.3,660.4,-0.005,0.046,-0.079,0.09,0.03,0.82,0.0,0.0,0.0,0.0,0.0,0.0,0.0,0.01,0.37,0.0,0.02,0.03,0.3,0.0
361,-16.6,8.2,661.2,-0.01,0.046,-0.077,0.12,0.08,0.81,0.0,0.0,0.0,0.0,0.0,0.0,0.0,0.01,0.3,0.0,0.02,0.08,0.35,0.0
362,-16.5,8.0,660.9,-0.011,0.047,-0.078,0.14,0.09,0.8,0.0,0.0,0.0,0.0,0.0,0.0,0.0,0.04,0.21,0.03,0.02,0.14,0.35,0.0
363,-16.6,8.0,661.7,-0.013,0.047,-0.077,0.09,0.08,0.79,0.0,0.0,0.0,0.0,0.0,0.0,0.0,0.04,0.14,0.06,0.0,0.16,0.22,0.0
364,-16.5,7.9,661.5,-0.016,0.048,-0.077,0.04,0.02,0.75,0.07,0.0,0.0,0.0,0.0,0.0,0.0,0.04,0.16,0.11,0.0,0.19,0.17,0.02
365,-16.5,7.9,662.0,-0.019,0.047,-0.078,0.0,0.0,0.77,0.1,0.0,0.0,0.0,0.0,0.0,0.0,0.0,0.16,0.11,0.0,0.14,0.07,0.02
366,-16.5,7.9,661.8,-0.02,0.047,-0.078,0.01,0.01,0.83,0.13,0.0,0.0,0.0,0.0,0.0,0.0,0.04,0.14,0.07,0.0,0.17,0.06,0.02
367,-16.5,7.9,661.3,-0.021,0.047,-0.079,0.01,0.01,0.89,0.06,0.0,0.0,0.0,0.0,0.0,0.0,0.05,0.14,0.02,0.0,0.14,0.0,0.0
368,-16.5,7.9,661.3,-0.023,0.047,-0.079,0.01,0.01,0.94,0.04,0.0,0.0,0.0,0.0,0.0,0.0,0.05,0.15,0.0,0.0,0.14,0.0,0.0
369,-16.5,7.9,661.1,-0.022,0.047,-0.079,0.0,0.0,0.95,0.04,0.0,0.0,0.0,0.0,0.0,0.0,0.01,0.16,0.0,0.01,0.11,0.01,0.0
370,-16.5,7.8,660.7,-0.023,0.048,-0.08,0.01,0.0,0.94,0.07,0.0,0.0,0.0,0.0,0.0,0.0,0.0,0.17,0.01,0.02,0.11,0.01,0.03
371,-16.5,7.8,661.5,-0.024,0.048,-0.08,0.01,0.0,0.93,0.13,0.0,0.09,0.0,0.0,0.0,0.0,0.0,0.15,0.01,0.02,0.11,0.05,0.15
372,-16.4,8.0,664.2,-0.03,0.05,-0.078,0.05,0.0,0.94,0.1,0.0,0.22,0.0,0.0,0.0,0.0,0.0,0.09,0.01,0.02,0.11,0.05,0.4
373,-16.4,8.1,667.6,-0.024,0.052,-0.079,0.09,0.0,0.94,0.07,0.0,0.3,0.0,0.0,0.0,0.0,0.0,0.02,0.0,0.0,0.09,0.08,0.62
374,-16.3,8.1,667.9,-0.024,0.052,-0.08,0.14,0.0,0.92,0.0,0.0,0.34,0.0,0.0,0.0,0.0,0.0,0.0,0.0,0.0,0.12,0.11,0.79
375,-16.2,8.2,667.6,-0.023,0.051,-0.08,0.14,0.0,0.91,0.0,0.0,0.22,0.0,0.0,0.0,0.0,0.0,0.01,0.0,0.0,0.12,0.2,0.73
376,-16.2,8.3,667.1,-0.022,0.05,-0.08,0.11,0.0,0.91,0.0,0.0,0.24,0.0,0.0,0.0,0.0,0.01,0.1,0.0,0.0,0.11,0.21,0.66
377,-16.1,8.4,666.9,-0.02,0.049,-0.079,0.07,0.0,0.93,0.0,0.0,0.21,0.0,0.0,0.0,0.01,0.01,0.16,0.0,0.0,0.05,0.16,0.59
378,-16.0,8.4,666.8,-0.02,0.047,-0.079,0.08,0.0,0.97,0.0,0.0,0.28,0.0,0.0,0.0,0.01,0.01,0.25,0.0,0.0,0.01,0.07,0.61
379,-16.0,8.4,666.4,-0.02,0.048,-0.079,0.11,0.0,1.0,0.0,0.0,0.25,0.0,0.0,0.0,0.01,0.01,0.28,0.0,0.0,0.0,0.05,0.72
380,-16.1,8.5,666.8,-0.021,0.048,-0.079,0.15,0.0,0.98,0.0,0.0,0.2,0.02,0.0,0.0,0.0,0.01,0.35,0.0,0.0,0.01,0.13,0.71
381,-16.2,8.5,667.4,-0.02,0.05,-0.079,0.16,0.0,0.97,0.0,0.0,0.17,0.03,0.0,0.0,0.0,0.01,0.38,0.0,0.0,0.0,0.23,0.82
382,-16.2,8.6,666.7,-0.021,0.049,-0.078,0.19,0.0,0.98,0.0,0.0,0.13,0.03,0.0,0.0,0.0,0.0,0.37,0.0,0.0,0.0,0.28,0.81
383,-16.1,8.6,666.3,-0.02,0.05,-0.079,0.21,0.0,1.01,0.0,0.0,0.1,0.01,0.0,0.0,0.0,0.0,0.38,0.0,0.0,0.0,0.2,0.9
384,-16.1,8.6,666.7,-0.018,0.049,-0.079,0.18,0.0,0.95,0.0,0.0,0.11,0.0,0.0,0.0,0.0,0.0,0.4,0.0,0.0,0.0,0.16,0.8
385,-16.0,8.6,666.7,-0.017,0.048,-0.079,0.13,0.0,0.87,0.0,0.0,0.18,0.0,0.0,0.0,0.0,0.0,0.38,0.0,0.0,0.0,0.21,0.8
386,-16.0,8.7,666.9,-0.017,0.049,-0.079,0.12,0.0,0.85,0.0,0.0,0.16,0.0,0.0,0.0,0.0,0.01,0.4,0.0,0.0,0.01,0.31,0.72
387,-16.0,8.6,666.9,-0.017,0.047,-0.079,0.17,0.0,0.89,0.0,0.0,0.15,0.0,0.0,0.0,0.02,0.01,0.4,0.0,0.0,0.04,0.3,0.69
388,-16.0,8.6,666.6,-0.017,0.049,-0.079,0.2,0.0,0.9,0.0,0.0,0.17,0.01,0.0,0.0,0.02,0.01,0.39,0.0,0.0,0.09,0.28,0.64
389,-16.1,8.6,668.2,-0.017,0.048,-0.079,0.2,0.0,0.92,0.0,0.0,0.22,0.01,0.0,0.0,0.02,0.0,0.33,0.0,0.0,0.12,0.19,0.71
390,-16.1,8.6,667.5,-0.017,0.051,-0.079,0.17,0.0,0.92,0.0,0.0,0.29,0.02,0.0,0.0,0.0,0.0,0.24,0.0,0.0,0.13,0.2,0.71
391,-16.2,8.6,668.3,-0.017,0.049,-0.08,0.19,0.0,0.92,0.0,0.0,0.27,0.0,0.0,0.0,0.0,0.0,0.21,0.0,0.0,0.1,0.2,0.72
392,-16.2,8.6,667.3,-0.018,0.052,-0.079,0.17,0.0,0.9,0.0,0.0,0.3,0.01,0.0,0.0,0.0,0.01,0.1,0.0,0.0,0.14,0.27,0.67
393,-16.3,8.6,668.1,-0.017,0.049,-0.081,0.21,0.0,0.9,0.0,0.0,0.25,0.04,0.0,0.0,0.0,0.01,0.13,0.0,0.0,0.11,0.27,0.67
394,-16.3,8.6,667.2,-0.017,0.052,-0.08,0.22,0.0,0.85,0.0,0.0,0.22,0.04,0.0,0.0,0.0,0.1,0.1,0.0,0.0,0.21,0.29,0.64
395,-16.4,8.6,668.2,-0.016,0.049,-0.082,0.24,0.0,0.87,0.0,0.0,0.26,0.04,0.0,0.0,0.0,0.09,0.17,0.0,0.0,0.14,0.25,0.7
396,-16.4,8.7,667.0,-0.018,0.052,-0.08,0.22,0.0,0.84,0.0,0.0,0.27,0.05,0.0,0.0,0.0,0.15,0.15,0.0,0.0,0.22,0.25,0.75
397,-16.5,8.6,668.3,-0.017,0.05,-0.082,0.22,0.0,0.87,0.0,0.0,0.34,0.07,0.0,0.0,0.0,0.06,0.19,0.0,0.0,0.18,0.14,0.78
398,-16.5,8.6,666.8,-0.017,0.053,-0.08,0.24,0.01,0.81,0.0,0.0,0.26,0.08,0.0,0.0,0.0,0.11,0.18,0.0,0.0,0.22,0.19,0.63
399,-16.6,8.6,668.3,-0.017,0.051,-0.082,0.29,0.01,0.84,0.0,0.0,0.25,0.05,0.0,0.0,0.0,0.04,0.17,0.0,0.0,0.16,0.18,0.62
400,-16.6,8.6,666.5,-0.016,0.053,-0.08,0.31,0.04,0.82,0.0,0.0,0.1,0.04,0.0,0.0,0.0,0.05,0.16,0.0,0.0,0.2,0.35,0.57
401,-16.7,8.6,668.3,-0.016,0.052,-0.082,0.31,0.03,0.88,0.0,0.0,0.17,0.02,0.0,0.0,0.0,0.0,0.12,0.0,0.0,0.26,0.29,0.67
402,-16.7,8.6,667.3,-0.016,0.056,-0.08,0.32,0.03,0.85,0.0,0.0,0.09,0.01,0.0,0.0,0.0,0.0,0.08,0.01,0.0,0.41,0.37,0.63
403,-16.8,8.6,668.1,-0.016,0.053,-0.082,0.33,0.0,0.88,0.0,0.0,0.11,0.0,0.0,0.0,0.0,0.0,0.06,0.01,0.0,0.33,0.24,0.7
404,-16.8,8.6,666.6,-0.016,0.055,-0.08,0.33,0.0,0.85,0.0,0.0,0.01,0.0,0.0,0.0,0.0,0.0,0.11,0.03,0.0,0.37,0.31,0.72
405,-16.9,8.6,667.9,-0.015,0.051,-0.081,0.34,0.0,0.88,0.0,0.0,0.06,0.0,0.0,0.0,0.0,0.0,0.11,0.03,0.0,0.26,0.28,0.8
406,-16.9,8.7,667.0,-0.016,0.055,-0.08,0.34,0.0,0.87,0.0,0.0,0.08,0.0,0.0,0.0,0.0,0.05,0.13,0.03,0.0,0.36,0.4,0.83
407,-17.0,8.7,667.6,-0.017,0.052,-0.081,0.34,0.0,0.86,0.0,0.0,0.19,0.0,0.0,0.0,0.0,0.05,0.09,0.0,0.0,0.3,0.38,0.89
408,-17.0,8.6,666.5,-0.015,0.057,-0.08,0.3,0.0,0.86,0.0,0.0,0.21,0.0,0.0,0.0,0.0,0.05,0.12,0.0,0.0,0.38,0.39,0.89
409,-17.2,8.6,668.0,-0.017,0.055,-0.081,0.29,0.0,0.9,0.0,0.0,0.28,0.0,0.0,0.0,0.0,0.01,0.12,0.0,0.0,0.32,0.23,0.9
410,-17.1,8.6,666.4,-0.016,0.058,-0.08,0.27,0.0,0.92,0.0,0.0,0.24,0.0,0.0,0.0,0.0,0.01,0.13,0.0,0.0,0.34,0.23,0.89
411,-17.2,8.6,667.7,-0.017,0.054,-0.08,0.26,0.0,0.92,0.0,0.0,0.3,0.0,0.0,0.0,0.0,0.04,0.12,0.0,0.0,0.26,0.16,0.91
412,-17.1,8.6,666.6,-0.016,0.058,-0.079,0.24,0.0,0.9,0.0,0.0,0.24,0.0,0.0,0.0,0.0,0.04,0.13,0.0,0.0,0.31,0.21,0.88
413,-17.1,8.5,667.7,-0.017,0.055,-0.081,0.26,0.02,0.9,0.0,0.0,0.27,0.0,0.0,0.0,0.0,0.06,0.16,0.0,0.0,0.33,0.17,0.8
414,-17.1,8.6,666.5,-0.016,0.06,-0.079,0.24,0.02,0.92,0.0,0.0,0.21,0.02,0.0,0.0,0.0,0.07,0.16,0.0,0.0,0.36,0.21,0.67
415,-17.2,8.4,669.2,-0.017,0.058,-0.082,0.2,0.02,0.96,0.0,0.0,0.23,0.02,0.0,0.0,0.0,0.07,0.15,0.0,0.0,0.31,0.2,0.52
416,-17.1,8.3,666.8,-0.017,0.059,-0.08,0.1,0.0,0.95,0.0,0.0,0.18,0.02,0.0,0.0,0.0,0.06,0.14,0.0,0.0,0.28,0.17,0.44
417,-17.2,8.2,668.2,-0.019,0.056,-0.08,0.11,0.0,0.93,0.0,0.0,0.18,0.0,0.0,0.0,0.0,0.02,0.16,0.0,0.0,0.26,0.13,0.35
418,-17.2,8.1,666.5,-0.017,0.061,-0.08,0.11,0.0,0.89,0.01,0.0,0.12,0.0,0.0,0.0,0.0,0.08,0.15,0.0,0.0,0.32,0.15,0.33
419,-17.4,8.1,667.5,-0.021,0.06,-0.08,0.16,0.0,0.95,0.01,0.0,0.06,0.0,0.0,0.0,0.0,0.07,0.12,0.0,0.0,0.37,0.17,0.3
420,-17.5,8.0,666.7,-0.017,0.063,-0.081,0.1,0.0,0.94,0.01,0.0,0.02,0.0,0.0,0.0,0.0,0.21,0.06,0.0,0.0,0.37,0.13,0.33
421,-17.6,8.0,667.4,-0.018,0.061,-0.082,0.08,0.0,0.97,0.0,0.0,0.02,0.0,0.0,0.0,0.0,0.17,0.03,0.0,0.0,0.37,0.06,0.31
422,-17.5,7.9,666.1,-0.018,0.062,-0.08,0.03,0.0,0.91,0.0,0.0,0.02,0.0,0.0,0.0,0.0,0.21,0.02,0.0,0.0,0.32,0.05,0.28
423,-17.6,7.9,665.8,-0.019,0.059,-0.081,0.09,0.0,0.9,0.01,0.0,0.0,0.0,0.0,0.0,0.0,0.09,0.0,0.0,0.0,0.34,0.07,0.26
424,-17.5,7.9,664.0,-0.017,0.061,-0.079,0.07,0.0,0.86,0.1,0.0,0.0,0.0,0.0,0.0,0.0,0.1,0.0,0.0,0.0,0.27,0.07,0.18
425,-17.7,7.9,665.3,-0.022,0.059,-0.08,0.12,0.0,0.88,0.2,0.0,0.0,0.0,0.0,0.0,0.0,0.05,0.01,0.0,0.0,0.28,0.02,0.2
426,-17.6,7.9,664.3,-0.017,0.062,-0.08,0.11,0.0,0.89,0.28,0.0,0.0,0.0,0.0,0.0,0.0,0.02,0.01,0.0,0.0,0.24,0.02,0.09
427,-17.7,7.9,665.7,-0.021,0.059,-0.08,0.16,0.0,0.91,0.27,0.0,0.0,0.0,0.0,0.0,0.0,0.0,0.02,0.0,0.0,0.25,0.07,0.15
428,-17.6,7.9,664.3,-0.017,0.061,-0.08,0.14,0.0,0.89,0.3,0.0,0.02,0.0,0.0,0.0,0.0,0.01,0.01,0.0,0.0,0.21,0.18,0.06
429,-17.6,7.8,665.5,-0.018,0.058,-0.082,0.14,0.0,0.93,0.29,0.0,0.02,0.0,0.0,0.0,0.0,0.01,0.04,0.0,0.0,0.24,0.2,0.07
430,-17.5,7.9,664.2,-0.016,0.061,-0.081,0.08,0.0,0.89,0.27,0.0,0.02,0.02,0.0,0.0,0.0,0.01,0.03,0.0,0.0,0.25,0.32,0.01
431,-17.4,7.9,665.3,-0.017,0.056,-0.082,0.07,0.0,0.94,0.21,0.0,0.01,0.02,0.0,0.0,0.0,0.0,0.03,0.0,0.0,0.26,0.2,0.07
432,-17.2,7.9,664.5,-0.016,0.059,-0.08,0.03,0.0,0.87,0.14,0.0,0.03,0.06,0.0,0.0,0.0,0.01,0.01,0.0,0.0,0.22,0.26,0.09
433,-17.1,8.0,665.7,-0.018,0.055,-0.081,0.08,0.0,0.91,0.11,0.0,0.03,0.05,0.0,0.0,0.0,0.06,0.05,0.0,0.0,0.2,0.09,0.11
434,-17.0,8.0,664.7,-0.017,0.057,-0.08,0.06,0.0,0.87,0.12,0.0,0.1,0.09,0.0,0.0,0.0,0.14,0.08,0.0,0.0,0.21,0.12,0.05
435,-16.9,8.0,665.8,-0.019,0.054,-0.081,0.11,0.0,0.94,0.23,0.0,0.12,0.06,0.0,0.0,0.0,0.13,0.1,0.0,0.0,0.15,0.03,0.02
436,-16.8,8.0,664.8,-0.019,0.055,-0.081,0.09,0.0,0.96,0.24,0.0,0.21,0.05,0.0,0.0,0.0,0.12,0.07,0.0,0.0,0.15,0.03,0.04
437,-16.8,7.9,665.5,-0.021,0.053,-0.081,0.1,0.0,1.0,0.22,0.0,0.14,0.01,0.0,0.0,0.0,0.03,0.09,0.0,0.0,0.09,0.0,0.04
438,-16.7,7.9,665.4,-0.022,0.056,-0.079,0.05,0.0,0.96,0.17,0.0,0.12,0.0,0.0,0.0,0.0,0.11,0.1,0.0,0.0,0.18,0.12,0.04
439,-16.7,7.9,666.0,-0.023,0.052,-0.081,0.04,0.0,0.95,0.16,0.0,0.03,0.0,0.0,0.0,0.0,0.07,0.17,0.0,0.0,0.14,0.18,0.0
440,-16.7,7.9,665.0,-0.023,0.054,-0.079,0.02,0.0,0.92,0.2,0.0,0.02,0.0,0.0,0.0,0.0,0.15,0.13,0.0,0.0,0.24,0.28,0.0
441,-16.7,7.9,665.8,-0.024,0.052,-0.08,0.04,0.0,0.94,0.18,0.0,0.0,0.0,0.0,0.0,0.0,0.08,0.18,0.01,0.0,0.27,0.21,0.0
442,-16.6,7.9,664.4,-0.023,0.053,-0.079,0.02,0.0,0.94,0.15,0.0,0.0,0.0,0.0,0.0,0.0,0.08,0.1,0.01,0.0,0.31,0.21,0.0
443,-16.7,7.9,664.9,-0.022,0.051,-0.081,0.04,0.0,0.97,0.06,0.0,0.02,0.01,0.0,0.0,0.0,0.01,0.12,0.01,0.0,0.25,0.12,0.0
444,-16.6,7.9,662.9,-0.018,0.051,-0.079,0.05,0.0,1.01,0.0,0.0,0.04,0.02,0.0,0.0,0.0,0.01,0.09,0.0,0.0,0.18,0.09,0.0
445,-16.6,7.9,663.1,-0.018,0.05,-0.081,0.07,0.0,1.04,0.0,0.0,0.04,0.02,0.0,0.0,0.0,0.0,0.1,0.0,0.0,0.13,0.05,0.0
446,-16.6,7.9,662.2,-0.018,0.05,-0.079,0.04,0.0,1.01,0.0,0.0,0.07,0.04,0.0,0.0,0.0,0.01,0.09,0.0,0.0,0.12,0.05,0.0
447,-16.6,7.9,663.1,-0.018,0.049,-0.081,0.04,0.0,1.0,0.0,0.0,0.05,0.02,0.0,0.0,0.0,0.01,0.06,0.0,0.0,0.08,0.02,0.0
448,-16.7,8.0,662.2,-0.019,0.05,-0.079,0.02,0.0,0.93,0.0,0.0,0.05,0.06,0.0,0.0,0.0,0.01,0.04,0.0,0.0,0.08,0.06,0.0
449,-16.7,8.0,663.1,-0.017,0.049,-0.081,0.02,0.0,0.96,0.0,0.0,0.0,0.04,0.0,0.0,0.0,0.0,0.05,0.0,0.0,0.05,0.05,0.0
450,-16.7,8.0,661.9,-0.019,0.05,-0.079,0.0,0.0,0.96,0.0,0.0,0.0,0.04,0.0,0.0,0.0,0.0,0.1,0.0,0.0,0.05,0.11,0.0
451,-16.8,8.0,663.1,-0.019,0.048,-0.081,0.0,0.0,0.99,0.0,0.0,0.0,0.01,0.0,0.0,0.0,0.0,0.14,0.0,0.0,0.03,0.13,0.0
452,-16.7,8.1,662.2,-0.018,0.049,-0.08,0.0,0.0,1.0,0.0,0.0,0.0,0.01,0.0,0.0,0.0,0.0,0.14,0.0,0.01,0.05,0.21,0.0
453,-16.7,8.1,662.1,-0.019,0.048,-0.08,0.01,0.0,1.0,0.0,0.0,0.0,0.0,0.0,0.0,0.0,0.02,0.08,0.0,0.01,0.07,0.17,0.0
454,-16.7,8.1,661.6,-0.02,0.049,-0.08,0.01,0.0,1.0,0.0,0.0,0.0,0.0,0.0,0.0,0.0,0.02,0.06,0.0,0.01,0.08,0.2,0.0
455,-16.6,8.1,661.9,-0.019,0.047,-0.08,0.01,0.0,0.99,0.0,0.0,0.0,0.0,0.0,0.0,0.0,0.02,0.04,0.0,0.0,0.1,0.2,0.0
456,-16.6,8.1,661.3,-0.018,0.047,-0.08,0.0,0.0,1.0,0.0,0.0,0.0,0.0,0.0,0.0,0.0,0.0,0.07,0.0,0.02,0.14,0.29,0.0
457,-16.5,8.0,661.3,-0.018,0.046,-0.08,0.0,0.0,1.0,0.0,0.0,0.0,0.0,0.0,0.0,0.0,0.01,0.04,0.0,0.02,0.12,0.22,0.0
458,-16.5,8.0,661.3,-0.018,0.048,-0.081,0.0,0.0,1.01,0.0,0.0,0.0,0.0,0.0,0.0,0.0,0.01,0.03,0.0,0.02,0.11,0.15,0.0
459,-16.5,8.1,661.7,-0.018,0.046,-0.081,0.03,0.0,1.0,0.0,0.0,0.0,0.0,0.0,0.0,0.0,0.01,0.0,0.0,0.0,0.05,0.07,0.0
460,-16.3,8.1,661.4,-0.017,0.047,-0.08,0.05,0.05,0.99,0.0,0.0,0.0,0.0,0.0,0.0,0.0,0.02,0.0,0.0,0.01,0.03,0.06,0.0
461,-16.2,8.2,662.3,-0.018,0.045,-0.08,0.05,0.05,1.0,0.0,0.0,0.0,0.0,0.0,0.0,0.0,0.02,0.0,0.0,0.01,0.03,0.05,0.0
462,-16.2,8.2,662.4,-0.018,0.045,-0.08,0.03,0.08,1.0,0.0,0.0,0.0,0.0,0.0,0.0,0.0,0.02,0.0,0.0,0.05,0.05,0.11,0.0
463,-16.1,8.2,659.8,-0.008,0.041,-0.08,0.02,0.09,1.0,0.0,0.0,0.07,0.0,0.0,0.0,0.0,0.05,0.01,0.0,0.08,0.11,0.19,0.0
464,-16.2,8.2,658.0,-0.003,0.038,-0.081,0.06,0.16,0.96,0.0,0.0,0.12,0.0,0.0,0.0,0.0,0.09,0.06,0.0,0.12,0.12,0.28,0.0
465,-16.3,8.1,659.5,-0.004,0.039,-0.082,0.1,0.18,0.93,0.0,0.0,0.13,0.0,0.0,0.0,0.0,0.16,0.12,0.0,0.16,0.18,0.36,0.0
466,-16.2,8.1,658.4,-0.003,0.039,-0.082,0.12,0.15,0.9,0.04,0.0,0.11,0.0,0.0,0.0,0.0,0.17,0.14,0.0,0.19,0.22,0.37,0.0
467,-16.3,8.1,658.1,-0.004,0.039,-0.082,0.13,0.13,0.91,0.13,0.0,0.12,0.0,0.0,0.0,0.0,0.15,0.08,0.0,0.19,0.32,0.33,0.0
468,-16.3,8.1,658.2,-0.006,0.04,-0.083,0.13,0.1,0.93,0.23,0.0,0.17,0.0,0.0,0.0,0.0,0.08,0.03,0.0,0.17,0.34,0.25,0.0
469,-16.3,8.1,657.8,-0.005,0.039,-0.083,0.14,0.07,0.96,0.27,0.0,0.27,0.0,0.0,0.0,0.0,0.08,0.07,0.0,0.17,0.37,0.26,0.0
470,-16.4,8.1,658.5,-0.005,0.039,-0.083,0.11,0.02,0.94,0.24,0.0,0.26,0.0,0.0,0.0,0.0,0.07,0.09,0.02,0.16,0.38,0.29,0.0
471,-16.5,8.2,660.6,-0.006,0.04,-0.084,0.08,0.0,0.9,0.22,0.0,0.23,0.0,0.0,0.0,0.0,0.08,0.13,0.02,0.17,0.41,0.29,0.0
472,-16.5,8.3,660.2,-0.005,0.041,-0.084,0.04,0.01,0.86,0.26,0.0,0.13,0.0,0.0,0.0,0.0,0.08,0.14,0.02,0.16,0.4,0.35,0.0
473,-16.5,8.3,660.0,-0.004,0.041,-0.084,0.02,0.01,0.82,0.28,0.0,0.12,0.0,0.0,0.0,0.0,0.07,0.13,0.0,0.17,0.43,0.4,0.0
474,-16.5,8.3,660.2,-0.004,0.041,-0.083,0.02,0.01,0.82,0.26,0.0,0.16,0.0,0.0,0.0,0.0,0.07,0.13,0.0,0.17,0.45,0.46,0.0
475,-16.5,8.3,659.1,-0.002,0.04,-0.083,0.02,0.0,0.8,0.19,0.0,0.13,0.0,0.0,0.0,0.0,0.0,0.1,0.01,0.17,0.49,0.47,0.0
476,-16.5,8.3,658.7,-0.002,0.04,-0.083,0.02,0.0,0.81,0.19,0.0,0.1,0.0,0.0,0.0,0.0,0.0,0.13,0.01,0.16,0.46,0.5,0.0
477,-16.5,8.3,658.1,-0.002,0.04,-0.084,0.01,0.0,0.81,0.23,0.0,0.04,0.0,0.0,0.0,0.0,0.02,0.16,0.01,0.17,0.4,0.48,0.0
478,-16.5,8.3,658.2,-0.004,0.04,-0.083,0.01,0.0,0.81,0.28,0.0,0.02,0.0,0.0,0.0,0.0,0.09,0.2,0.0,0.17,0.37,0.4,0.0
479,-16.5,8.3,658.2,-0.004,0.04,-0.084,0.01,0.0,0.79,0.22,0.0,0.0,0.0,0.0,0.0,0.0,0.18,0.18,0.0,0.17,0.32,0.35,0.0
480,-16.6,8.3,658.3,-0.004,0.04,-0.084,0.0,0.0,0.82,0.23,0.0,0.01,0.0,0.0,0.0,0.0,0.18,0.15,0.0,0.19,0.36,0.35,0.0
481,-16.6,8.3,658.4,-0.003,0.039,-0.084,0.01,0.03,0.85,0.17,0.0,0.04,0.0,0.0,0.0,0.0,0.17,0.17,0.0,0.19,0.41,0.42,0.0
482,-16.6,8.3,658.7,-0.003,0.042,-0.085,0.02,0.03,0.91,0.19,0.0,0.07,0.01,0.0,0.0,0.0,0.09,0.17,0.0,0.19,0.51,0.48,0.0
483,-16.6,8.3,659.5,-0.002,0.041,-0.084,0.03,0.03,0.9,0.09,0.0,0.18,0.02,0.0,0.0,0.0,0.1,0.17,0.0,0.15,0.55,0.46,0.0
484,-16.7,8.4,662.4,-0.007,0.044,-0.086,0.02,0.0,0.89,0.07,0.0,0.25,0.02,0.0,0.0,0.0,0.04,0.08,0.03,0.16,0.54,0.43,0.0
485,-16.5,8.4,659.0,-0.003,0.041,-0.085,0.03,0.0,0.85,0.13,0.0,0.35,0.01,0.0,0.0,0.0,0.04,0.06,0.03,0.17,0.48,0.37,0.0
486,-16.4,8.4,658.1,-0.002,0.04,-0.085,0.03,0.0,0.85,0.24,0.0,0.31,0.0,0.0,0.0,0.0,0.0,0.01,0.03,0.21,0.46,0.38,0.0
487,-16.4,8.4,658.2,-0.002,0.04,-0.084,0.06,0.0,0.86,0.32,0.0,0.3,0.0,0.0,0.0,0.0,0.05,0.0,0.0,0.23,0.42,0.35,0.0
488,-16.3,8.4,658.2,-0.002,0.04,-0.084,0.07,0.0,0.9,0.32,0.0,0.3,0.0,0.0,0.0,0.0,0.07,0.02,0.0,0.22,0.36,0.31,0.0
489,-16.2,8.3,658.8,-0.002,0.04,-0.085,0.07,0.0,0.87,0.27,0.0,0.25,0.0,0.0,0.0,0.0,0.07,0.09,0.0,0.21,0.3,0.23,0.0
490,-16.2,8.3,658.4,-0.002,0.04,-0.085,0.04,0.0,0.86,0.24,0.0,0.23,0.0,0.0,0.0,0.0,0.02,0.16,0.0,0.19,0.26,0.12,0.0
491,-16.1,8.3,657.8,-0.003,0.038,-0.084,0.04,0.0,0.85,0.2,0.0,0.15,0.0,0.0,0.0,0.0,0.03,0.18,0.0,0.19,0.28,0.04,0.0
492,-16.1,8.3,657.9,-0.003,0.037,-0.084,0.05,0.0,0.88,0.16,0.0,0.18,0.0,0.0,0.0,0.0,0.07,0.16,0.0,0.16,0.24,0.08,0.0
493,-16.1,8.3,658.2,-0.003,0.038,-0.084,0.05,0.0,0.85,0.14,0.0,0.14,0.0,0.0,0.0,0.0,0.07,0.14,0.0,0.13,0.29,0.18,0.0
494,-16.1,8.3,658.2,-0.002,0.038,-0.083,0.02,0.0,0.84,0.11,0.0,0.15,0.0,0.0,0.0,0.0,0.06,0.14,0.0,0.12,0.31,0.24,0.0
495,-16.1,8.2,658.2,-0.003,0.038,-0.083,0.03,0.0,0.87,0.08,0.0,0.14,0.0,0.0,0.0,0.0,0.08,0.16,0.0,0.15,0.33,0.23,0.0
496,-16.1,8.2,658.6,-0.004,0.038,-0.083,0.09,0.02,0.93,0.1,0.0,0.2,0.0,0.0,0.0,0.0,0.12,0.16,0.03,0.18,0.25,0.22,0.0
497,-16.2,8.2,658.9,-0.004,0.039,-0.083,0.12,0.02,0.93,0.13,0.0,0.24,0.0,0.0,0.0,0.01,0.1,0.14,0.03,0.2,0.21,0.24,0.0
498,-16.2,8.2,658.3,-0.004,0.038,-0.083,0.15,0.03,0.92,0.16,0.0,0.24,0.0,0.0,0.0,0.01,0.05,0.15,0.03,0.21,0.22,0.26,0.0
499,-16.2,8.2,658.6,-0.004,0.038,-0.083,0.1,0.14,0.83,0.11,0.0,0.19,0.02,0.0,0.0,0.06,0.05,0.2,0.0,0.2,0.17,0.24,0.0
500,-16.2,8.2,659.2,-0.005,0.04,-0.084,0.08,0.3,0.8,0.12,0.0,0.18,0.07,0.0,0.0,0.05,0.05,0.24,0.0,0.19,0.19,0.16,0.0
501,-16.1,8.2,658.5,-0.005,0.039,-0.083,0.05,0.44,0.76,0.18,0.0,0.23,0.11,0.0,0.0,0.05,0.11,0.23,0.0,0.19,0.19,0.12,0.0
502,-16.1,8.2,658.9,-0.004,0.038,-0.084,0.07,0.49,0.8,0.28,0.0,0.26,0.13,0.0,0.0,0.0,0.13,0.21,0.0,0.2,0.2,0.1,0.0
503,-16.0,8.2,658.6,-0.004,0.038,-0.083,0.05,0.48,0.81,0.29,0.0,0.28,0.14,0.0,0.0,0.0,0.13,0.23,0.0,0.2,0.11,0.12,0.0
504,-16.0,8.2,658.1,-0.004,0.037,-0.083,0.02,0.44,0.84,0.26,0.0,0.25,0.15,0.0,0.0,0.0,0.15,0.25,0.0,0.2,0.06,0.12,0.0
505,-16.0,8.2,658.5,-0.004,0.038,-0.083,0.0,0.41,0.85,0.24,0.0,0.27,0.12,0.0,0.0,0.0,0.2,0.24,0.0,0.2,0.1,0.15,0.0
506,-16.0,8.3,657.9,-0.004,0.037,-0.083,0.0,0.34,0.9,0.16,0.0,0.16,0.06,0.0,0.0,0.0,0.26,0.24,0.0,0.19,0.18,0.2,0.0
507,-15.9,8.3,659.0,-0.01,0.038,-0.081,0.0,0.21,0.93,0.08,0.0,0.09,0.04,0.0,0.0,0.0,0.17,0.23,0.0,0.12,0.12,0.17,0.0
508,-16.0,8.4,662.9,-0.021,0.043,-0.08,0.0,0.17,0.97,0.0,0.0,0.0,0.06,0.0,0.0,0.0,0.09,0.2,0.0,0.06,0.14,0.15,0.0
509,-16.0,8.4,662.9,-0.02,0.043,-0.081,0.0,0.11,0.96,0.0,0.0,0.0,0.07,0.0,0.0,0.0,0.12,0.16,0.0,0.02,0.07,0.1,0.0
510,-16.0,8.4,662.7,-0.019,0.044,-0.082,0.0,0.11,0.94,0.0,0.0,0.0,0.04,0.0,0.0,0.0,0.22,0.19,0.0,0.04,0.07,0.07,0.0
511,-16.1,8.4,662.9,-0.019,0.043,-0.082,0.0,0.05,0.93,0.0,0.0,0.02,0.02,0.0,0.0,0.01,0.28,0.29,0.0,0.03,0.03,0.09,0.0
512,-16.1,8.4,663.5,-0.017,0.045,-0.082,0.0,0.06,0.92,0.0,0.0,0.02,0.01,0.0,0.0,0.05,0.29,0.33,0.0,0.03,0.09,0.12,0.0
513,-16.1,8.3,663.2,-0.016,0.045,-0.082,0.0,0.08,0.91,0.0,0.0,0.02,0.0,0.0,0.0,0.07,0.26,0.32,0.0,0.03,0.14,0.14,0.0
514,-16.1,8.3,662.7,-0.02,0.044,-0.081,0.0,0.07,0.9,0.0,0.0,0.0,0.0,0.0,0.0,0.05,0.3,0.26,0.0,0.06,0.14,0.13,0.0
515,-16.0,8.3,662.6,-0.017,0.044,-0.082,0.0,0.04,0.91,0.0,0.0,0.0,0.0,0.0,0.0,0.02,0.25,0.28,0.0,0.07,0.11,0.14,0.0
516,-16.0,8.3,662.3,-0.017,0.044,-0.081,0.0,0.04,0.96,0.0,0.0,0.0,0.0,0.0,0.0,0.01,0.25,0.31,0.0,0.07,0.09,0.17,0.0
517,-16.0,8.3,661.9,-0.019,0.043,-0.08,0.0,0.05,1.0,0.0,0.0,0.0,0.0,0.0,0.0,0.03,0.21,0.33,0.0,0.07,0.11,0.15,0.0
518,-15.9,8.3,661.6,-0.017,0.042,-0.08,0.0,0.11,1.0,0.0,0.0,0.0,0.0,0.0,0.0,0.08,0.16,0.31,0.0,0.07,0.11,0.11,0.0
519,-15.8,8.3,662.1,-0.017,0.042,-0.08,0.0,0.13,0.97,0.0,0.0,0.0,0.0,0.0,0.0,0.07,0.17,0.3,0.0,0.06,0.15,0.05,0.0
520,-15.8,8.3,661.9,-0.015,0.041,-0.08,0.0,0.1,0.95,0.0,0.0,0.0,0.0,0.0,0.0,0.05,0.13,0.29,0.0,0.05,0.15,0.06,0.0
521,-15.7,8.3,661.7,-0.015,0.041,-0.079,0.0,0.04,0.98,0.0,0.0,0.0,0.01,0.0,0.0,0.0,0.17,0.31,0.0,0.06,0.12,0.09,0.0
522,-15.8,8.2,661.9,-0.015,0.041,-0.079,0.0,0.0,0.99,0.0,0.0,0.0,0.04,0.0,0.0,0.0,0.15,0.35,0.0,0.07,0.04,0.13,0.0
523,-15.8,8.2,662.0,-0.016,0.042,-0.079,0.0,0.0,1.03,0.0,0.0,0.0,0.04,0.0,0.0,0.0,0.14,0.38,0.0,0.07,0.08,0.12,0.0
524,-15.8,8.2,662.2,-0.018,0.042,-0.079,0.0,0.0,1.04,0.0,0.0,0.0,0.04,0.0,0.0,0.0,0.16,0.35,0.0,0.06,0.14,0.09,0.0
525,-15.8,8.2,662.0,-0.018,0.042,-0.079,0.0,0.0,1.07,0.0,0.0,0.0,0.01,0.0,0.0,0.0,0.12,0.29,0.0,0.04,0.2,0.08,0.0
526,-15.8,8.2,661.9,-0.018,0.043,-0.079,0.0,0.0,1.05,0.0,0.0,0.0,0.01,0.0,0.0,0.0,0.13,0.24,0.0,0.03,0.18,0.04,0.0
527,-15.8,8.2,662.2,-0.017,0.043,-0.079,0.0,0.0,1.07,0.0,0.0,0.0,0.01,0.0,0.0,0.0,0.09,0.19,0.0,0.01,0.16,0.03,0.0
528,-15.8,8.2,662.2,-0.017,0.043,-0.079,0.0,0.03,1.06,0.0,0.0,0.0,0.04,0.0,0.0,0.0,0.14,0.16,0.0,0.01,0.12,0.0,0.0
529,-15.7,8.2,662.0,-0.016,0.043,-0.079,0.02,0.03,1.04,0.0,0.0,0.0,0.04,0.0,0.0,0.0,0.14,0.17,0.0,0.01,0.11,0.0,0.0
530,-15.7,8.3,663.1,-0.02,0.044,-0.078,0.05,0.03,0.95,0.01,0.0,0.07,0.02,0.0,0.0,0.02,0.21,0.15,0.0,0.01,0.19,0.11,0.0
531,-15.8,8.4,669.2,-0.016,0.052,-0.077,0.11,0.0,0.88,0.01,0.0,0.1,0.0,0.0,0.0,0.02,0.22,0.23,0.07,0.01,0.24,0.2,0.22
532,-15.7,8.5,667.8,-0.02,0.046,-0.078,0.16,0.0,0.87,0.01,0.0,0.16,0.02,0.0,0.0,0.02,0.21,0.23,0.09,0.0,0.29,0.29,0.4
533,-15.7,8.5,667.5,-0.021,0.046,-0.078,0.17,0.0,0.86,0.0,0.0,0.11,0.04,0.0,0.0,0.0,0.19,0.31,0.12,0.0,0.23,0.24,0.56
534,-15.7,8.5,667.1,-0.021,0.046,-0.078,0.16,0.0,0.88,0.0,0.0,0.16,0.04,0.0,0.0,0.0,0.14,0.2,0.08,0.0,0.19,0.15,0.51
535,-15.7,8.5,667.0,-0.023,0.047,-0.077,0.14,0.0,0.84,0.0,0.0,0.19,0.03,0.0,0.0,0.0,0.16,0.18,0.07,0.0,0.12,0.1,0.48
536,-15.8,8.5,667.0,-0.023,0.047,-0.077,0.14,0.0,0.84,0.0,0.0,0.24,0.01,0.0,0.0,0.0,0.16,0.1,0.03,0.0,0.09,0.07,0.5
537,-15.8,8.5,667.4,-0.024,0.047,-0.077,0.13,0.0,0.82,0.0,0.0,0.2,0.03,0.0,0.0,0.0,0.18,0.1,0.0,0.0,0.19,0.12,0.55
538,-15.9,8.5,667.6,-0.023,0.047,-0.077,0.13,0.0,0.85,0.0,0.0,0.18,0.04,0.0,0.0,0.0,0.14,0.06,0.0,0.0,0.24,0.18,0.6
539,-15.9,8.5,667.2,-0.022,0.045,-0.078,0.18,0.0,0.85,0.0,0.0,0.24,0.05,0.0,0.0,0.0,0.08,0.07,0.0,0.0,0.37,0.22,0.65
540,-15.9,8.5,666.7,-0.023,0.046,-0.078,0.25,0.0,0.84,0.0,0.0,0.32,0.03,0.0,0.0,0.0,0.07,0.06,0.0,0.0,0.37,0.19,0.73
541,-16.0,8.4,667.1,-0.023,0.046,-0.078,0.3,0.0,0.86,0.0,0.0,0.32,0.01,0.0,0.0,0.0,0.08,0.05,0.0,0.0,0.38,0.17,0.75
542,-16.0,8.4,666.4,-0.025,0.048,-0.077,0.27,0.0,0.88,0.0,0.0,0.26,0.0,0.0,0.0,0.0,0.06,0.06,0.0,0.0,0.33,0.14,0.73
543,-16.1,8.3,666.9,-0.024,0.049,-0.077,0.23,0.0,0.89,0.0,0.0,0.28,0.0,0.0,0.0,0.0,0.05,0.14,0.03,0.0,0.32,0.12,0.63
544,-16.1,8.2,666.8,-0.025,0.051,-0.077,0.2,0.0,0.88,0.0,0.0,0.24,0.0,0.0,0.0,0.0,0.09,0.14,0.04,0.0,0.32,0.06,0.65
545,-16.1,8.2,666.9,-0.024,0.049,-0.078,0.24,0.0,0.91,0.0,0.0,0.34,0.0,0.0,0.0,0.0,0.1,0.12,0.04,0.0,0.3,0.03,0.66
546,-16.0,8.2,666.3,-0.025,0.05,-0.078,0.28,0.0,0.93,0.0,0.0,0.2,0.03,0.0,0.0,0.0,0.11,0.06,0.06,0.0,0.22,0.02,0.65
547,-16.0,8.2,666.7,-0.027,0.048,-0.079,0.27,0.0,0.93,0.0,0.0,0.24,0.05,0.0,0.0,0.0,0.1,0.1,0.06,0.0,0.14,0.03,0.61
548,-15.9,8.2,666.3,-0.028,0.047,-0.079,0.26,0.0,0.91,0.0,0.0,0.14,0.06,0.0,0.0,0.0,0.19,0.15,0.06,0.0,0.09,0.04,0.63
549,-15.9,8.1,666.4,-0.027,0.047,-0.079,0.16,0.0,0.92,0.0,0.0,0.28,0.07,0.0,0.0,0.01,0.19,0.18,0.06,0.0,0.15,0.11,0.69
550,-15.8,8.0,666.6,-0.026,0.047,-0.078,0.09,0.0,0.94,0.0,0.0,0.35,0.11,0.0,0.0,0.08,0.14,0.18,0.08,0.0,0.12,0.18,0.66
551,-15.9,7.8,667.8,-0.028,0.047,-0.079,0.0,0.0,1.01,0.0,0.0,0.28,0.15,0.0,0.0,0.13,0.03,0.16,0.15,0.0,0.09,0.2,0.59
552,-15.8,7.7,666.5,-0.028,0.048,-0.079,0.0,0.0,1.06,0.0,0.0,0.14,0.15,0.0,0.0,0.17,0.02,0.14,0.18,0.0,0.07,0.13,0.38
553,-15.7,7.7,663.4,-0.029,0.045,-0.078,0.01,0.02,1.09,0.0,0.0,0.0,0.1,0.0,0.0,0.15,0.02,0.15,0.2,0.0,0.12,0.05,0.2
554,-15.7,7.6,663.9,-0.028,0.046,-0.078,0.02,0.02,1.07,0.0,0.0,0.0,0.07,0.0,0.0,0.15,0.02,0.19,0.17,0.0,0.21,0.0,0.09
555,-15.7,7.6,663.1,-0.029,0.045,-0.078,0.02,0.02,1.04,0.0,0.0,0.0,0.02,0.0,0.0,0.17,0.04,0.27,0.1,0.0,0.21,0.0,0.1
556,-15.7,7.6,663.0,-0.03,0.045,-0.078,0.02,0.04,1.02,0.0,0.0,0.01,0.01,0.0,0.0,0.19,0.04,0.31,0.11,0.0,0.24,0.0,0.1
557,-15.7,7.5,662.7,-0.03,0.044,-0.078,0.0,0.04,1.04,0.0,0.0,0.01,0.0,0.0,0.0,0.22,0.06,0.3,0.06,0.0,0.26,0.0,0.05
558,-15.7,7.5,662.7,-0.028,0.045,-0.079,0.02,0.05,1.07,0.0,0.0,0.01,0.0,0.0,0.0,0.19,0.03,0.26,0.06,0.0,0.22,0.0,0.0
559,-15.7,7.5,662.2,-0.029,0.044,-0.078,0.02,0.05,1.07,0.0,0.0,0.01,0.0,0.0,0.0,0.15,0.05,0.28,0.04,0.0,0.19,0.0,0.0
560,-15.7,7.5,662.6,-0.03,0.044,-0.078,0.04,0.04,1.05,0.0,0.0,0.01,0.04,0.0,0.0,0.06,0.03,0.23,0.04,0.0,0.15,0.0,0.0
561,-15.7,7.4,662.7,-0.03,0.045,-0.078,0.02,0.03,1.02,0.0,0.0,0.01,0.05,0.0,0.0,0.02,0.03,0.16,0.16,0.0,0.17,0.0,0.0
562,-15.7,7.4,662.9,-0.031,0.045,-0.078,0.05,0.06,1.0,0.0,0.0,0.0,0.05,0.0,0.0,0.0,0.04,0.1,0.12,0.0,0.2,0.0,0.0
563,-15.7,7.3,662.5,-0.03,0.046,-0.078,0.05,0.07,1.0,0.0,0.0,0.0,0.01,0.0,0.0,0.02,0.05,0.14,0.12,0.0,0.25,0.0,0.0
564,-15.8,7.3,662.5,-0.032,0.046,-0.078,0.1,0.13,1.0,0.0,0.0,0.0,0.0,0.0,0.0,0.07,0.06,0.12,0.05,0.0,0.31,0.0,0.0
565,-15.8,7.3,662.0,-0.032,0.046,-0.078,0.11,0.11,1.0,0.0,0.0,0.0,0.0,0.0,0.0,0.11,0.01,0.13,0.08,0.0,0.3,0.0,0.0
566,-15.9,7.3,662.3,-0.03,0.046,-0.078,0.14,0.21,0.98,0.0,0.0,0.03,0.0,0.0,0.0,0.14,0.03,0.13,0.12,0.0,0.25,0.0,0.0
567,-16.0,7.3,662.2,-0.032,0.047,-0.078,0.14,0.19,0.97,0.0,0.0,0.06,0.02,0.0,0.0,0.09,0.08,0.17,0.13,0.0,0.22,0.0,0.0
568,-16.0,7.3,662.4,-0.033,0.047,-0.079,0.11,0.17,0.98,0.0,0.0,0.07,0.02,0.0,0.0,0.05,0.08,0.11,0.14,0.0,0.19,0.0,0.0
569,-16.0,7.3,662.2,-0.032,0.047,-0.079,0.07,0.09,0.99,0.0,0.0,0.08,0.03,0.0,0.0,0.0,0.05,0.04,0.12,0.0,0.2,0.0,0.03
570,-16.0,7.3,662.1,-0.031,0.047,-0.079,0.02,0.13,0.99,0.0,0.0,0.09,0.02,0.0,0.0,0.0,0.01,0.01,0.1,0.0,0.14,0.0,0.05
571,-16.1,7.3,662.1,-0.031,0.047,-0.078,0.0,0.12,1.0,0.0,0.0,0.09,0.02,0.0,0.0,0.0,0.06,0.04,0.06,0.01,0.15,0.0,0.05
572,-16.1,7.3,662.5,-0.032,0.048,-0.078,0.02,0.09,1.02,0.0,0.0,0.1,0.01,0.0,0.0,0.0,0.13,0.06,0.04,0.01,0.18,0.0,0.03
573,-16.0,7.3,662.3,-0.032,0.047,-0.078,0.03,0.02,1.04,0.0,0.0,0.09,0.03,0.0,0.0,0.0,0.19,0.1,0.03,0.01,0.18,0.0,0.0
574,-15.9,7.3,662.1,-0.031,0.046,-0.078,0.06,0.0,1.05,0.0,0.0,0.09,0.04,0.0,0.0,0.0,0.18,0.18,0.04,0.0,0.17,0.0,0.03
575,-15.9,7.3,662.4,-0.032,0.046,-0.078,0.05,0.0,1.03,0.0,0.0,0.04,0.04,0.0,0.0,0.0,0.16,0.31,0.07,0.0,0.1,0.0,0.02
576,-15.8,7.3,662.4,-0.032,0.046,-0.078,0.03,0.0,1.0,0.0,0.0,0.0,0.04,0.0,0.0,0.0,0.09,0.34,0.05,0.0,0.16,0.0,0.02
577,-15.8,7.3,662.3,-0.033,0.045,-0.078,0.01,0.0,0.98,0.0,0.0,0.0,0.03,0.0,0.0,0.02,0.04,0.33,0.04,0.0,0.16,0.0,0.0
578,-15.7,7.3,662.6,-0.034,0.045,-0.077,0.02,0.01,0.98,0.0,0.0,0.0,0.03,0.0,0.0,0.02,0.03,0.26,0.01,0.0,0.22,0.0,0.0
579,-15.6,7.3,663.3,-0.033,0.045,-0.077,0.02,0.01,0.98,0.0,0.0,0.0,0.01,0.0,0.0,0.04,0.03,0.25,0.01,0.0,0.25,0.0,0.0
580,-15.6,7.3,663.4,-0.034,0.045,-0.077,0.01,0.01,0.99,0.0,0.0,0.0,0.02,0.0,0.0,0.03,0.05,0.21,0.0,0.0,0.32,0.04,0.01
581,-15.6,7.3,663.5,-0.035,0.045,-0.077,0.0,0.0,0.99,0.0,0.0,0.0,0.03,0.0,0.0,0.06,0.04,0.2,0.02,0.0,0.31,0.04,0.01
582,-15.6,7.2,663.4,-0.035,0.045,-0.077,0.0,0.0,1.02,0.0,0.0,0.0,0.07,0.0,0.0,0.04,0.1,0.17,0.07,0.0,0.22,0.04,0.01
583,-15.6,7.2,663.2,-0.036,0.045,-0.077,0.0,0.03,1.01,0.0,0.0,0.0,0.08,0.0,0.0,0.02,0.11,0.2,0.12,0.0,0.12,0.0,0.0
584,-15.7,7.1,663.0,-0.037,0.045,-0.077,0.0,0.04,0.98,0.0,0.0,0.0,0.08,0.0,0.0,0.0,0.09,0.18,0.16,0.0,0.06,0.0,0.0
585,-15.7,7.1,662.8,-0.036,0.046,-0.078,0.0,0.04,0.96,0.0,0.0,0.0,0.05,0.0,0.0,0.04,0.06,0.16,0.12,0.0,0.11,0.0,0.0
586,-15.7,7.2,662.8,-0.036,0.046,-0.078,0.0,0.01,1.0,0.0,0.0,0.0,0.03,0.0,0.0,0.06,0.03,0.1,0.06,0.0,0.16,0.0,0.0
587,-15.7,7.2,662.8,-0.035,0.045,-0.078,0.0,0.0,1.03,0.0,0.0,0.0,0.02,0.0,0.0,0.06,0.03,0.1,0.0,0.0,0.18,0.0,0.0
588,-15.7,7.2,662.6,-0.035,0.045,-0.078,0.0,0.0,1.03,0.0,0.0,0.0,0.01,0.0,0.0,0.02,0.0,0.17,0.0,0.0,0.15,0.0,0.0
589,-15.6,7.3,662.5,-0.034,0.044,-0.078,0.01,0.0,1.01,0.0,0.0,0.0,0.0,0.0,0.0,0.02,0.0,0.21,0.0,0.0,0.16,0.0,0.0
590,-15.6,7.3,662.7,-0.035,0.044,-0.078,0.04,0.02,1.01,0.0,0.0,0.0,0.0,0.0,0.0,0.03,0.0,0.24,0.0,0.0,0.14,0.0,0.0
591,-15.6,7.3,663.2,-0.035,0.045,-0.078,0.08,0.03,1.01,0.0,0.0,0.0,0.01,0.0,0.0,0.05,0.0,0.19,0.03,0.0,0.14,0.0,0.0
592,-15.6,7.3,663.2,-0.035,0.045,-0.078,0.13,0.1,1.03,0.0,0.0,0.0,0.02,0.0,0.0,0.07,0.02,0.18,0.07,0.0,0.08,0.0,0.0
593,-15.6,7.3,663.3,-0.035,0.045,-0.078,0.14,0.13,1.04,0.0,0.0,0.0,0.03,0.0,0.0,0.07,0.02,0.19,0.07,0.0,0.09,0.0,0.0
594,-15.6,7.3,663.0,-0.035,0.045,-0.078,0.14,0.14,1.04,0.0,0.0,0.0,0.04,0.0,0.0,0.1,0.02,0.27,0.04,0.0,0.07,0.0,0.0
595,-15.6,7.3,662.9,-0.036,0.045,-0.078,0.09,0.07,1.01,0.0,0.0,0.0,0.03,0.0,0.0,0.06,0.0,0.32,0.0,0.0,0.12,0.0,0.0
596,-15.6,7.3,663.0,-0.036,0.044,-0.078,0.09,0.11,1.03,0.0,0.0,0.0,0.04,0.0,0.0,0.06,0.02,0.32,0.04,0.0,0.12,0.0,0.0
597,-15.7,7.3,662.7,-0.036,0.044,-0.078,0.13,0.16,1.04,0.0,0.0,0.0,0.02,0.0,0.0,0.06,0.08,0.28,0.06,0.0,0.16,0.0,0.0
598,-15.7,7.3,662.7,-0.035,0.044,-0.078,0.16,0.22,1.05,0.0,0.0,0.0,0.01,0.0,0.0,0.08,0.22,0.23,0.08,0.0,0.19,0.0,0.01
599,-15.7,7.3,662.7,-0.032,0.045,-0.078,0.14,0.13,1.05,0.0,0.0,0.0,0.0,0.0,0.0,0.13,0.29,0.25,0.1,0.0,0.25,0.0,0.01
600,-15.7,7.3,662.5,-0.032,0.045,-0.078,0.16,0.15,1.06,0.0,0.0,0.0,0.0,0.0,0.0,0.08,0.34,0.27,0.08,0.0,0.26,0.01,0.01
601,-15.7,7.3,661.9,-0.031,0.045,-0.078,0.15,0.14,1.09,0.0,0.0,0.0,0.0,0.0,0.0,0.06,0.26,0.29,0.13,0.0,0.24,0.01,0.0
602,-15.6,7.3,661.8,-0.031,0.045,-0.078,0.16,0.15,1.11,0.0,0.0,0.0,0.0,0.0,0.0,0.03,0.24,0.29,0.13,0.0,0.21,0.01,0.0
603,-15.6,7.3,661.6,-0.031,0.045,-0.079,0.07,0.06,1.11,0.0,0.0,0.0,0.02,0.0,0.0,0.04,0.2,0.28,0.15,0.0,0.22,0.0,0.0
604,-15.6,7.3,661.6,-0.031,0.045,-0.079,0.05,0.01,1.08,0.0,0.0,0.0,0.01,0.0,0.0,0.05,0.16,0.3,0.08,0.0,0.21,0.0,0.0
605,-15.6,7.3,662.0,-0.031,0.045,-0.079,0.05,0.0,1.05,0.0,0.0,0.0,0.01,0.0,0.0,0.03,0.15,0.23,0.02,0.0,0.24,0.02,0.0
606,-15.6,7.4,662.0,-0.03,0.044,-0.079,0.09,0.0,1.07,0.0,0.0,0.0,0.0,0.0,0.0,0.01,0.14,0.2,0.0,0.0,0.25,0.02,0.0
607,-15.5,7.4,661.7,-0.029,0.043,-0.079,0.14,0.07,1.13,0.0,0.0,0.0,0.01,0.0,0.0,0.04,0.16,0.14,0.05,0.0,0.29,0.08,0.0
608,-15.4,7.5,661.7,-0.03,0.043,-0.079,0.13,0.14,1.14,0.0,0.0,0.0,0.01,0.0,0.0,0.08,0.14,0.22,0.09,0.0,0.24,0.06,0.0
609,-15.4,7.5,661.8,-0.029,0.042,-0.079,0.11,0.15,1.1,0.0,0.0,0.0,0.01,0.0,0.0,0.08,0.14,0.24,0.09,0.01,0.23,0.06,0.0
610,-15.4,7.5,662.1,-0.029,0.042,-0.079,0.1,0.09,1.05,0.0,0.0,0.0,0.0,0.0,0.0,0.06,0.11,0.25,0.07,0.01,0.17,0.01,0.0
611,-15.4,7.5,662.3,-0.029,0.042,-0.079,0.12,0.04,1.03,0.0,0.0,0.0,0.0,0.0,0.0,0.05,0.12,0.22,0.05,0.01,0.19,0.04,0.0
612,-15.3,7.5,662.6,-0.03,0.043,-0.079,0.16,0.05,1.04,0.0,0.0,0.0,0.0,0.0,0.0,0.04,0.15,0.24,0.11,0.0,0.27,0.04,0.0
613,-15.3,7.5,662.6,-0.033,0.044,-0.079,0.14,0.05,1.04,0.0,0.0,0.0,0.0,0.0,0.0,0.02,0.16,0.26,0.11,0.0,0.32,0.1,0.0
614,-15.3,7.5,662.7,-0.033,0.043,-0.078,0.15,0.05,1.05,0.0,0.0,0.0,0.0,0.0,0.0,0.0,0.23,0.26,0.09,0.01,0.32,0.11,0.0
615,-15.3,7.5,662.0,-0.031,0.042,-0.078,0.12,0.02,1.03,0.0,0.0,0.0,0.02,0.0,0.0,0.0,0.21,0.19,0.08,0.01,0.24,0.17,0.0
616,-15.3,7.5,661.9,-0.031,0.042,-0.078,0.13,0.01,1.03,0.0,0.0,0.0,0.02,0.0,0.0,0.01,0.22,0.17,0.12,0.01,0.18,0.1,0.0
617,-15.3,7.5,661.5,-0.028,0.042,-0.078,0.14,0.04,1.02,0.0,0.0,0.0,0.02,0.0,0.0,0.01,0.12,0.16,0.17,0.02,0.14,0.1,0.0
618,-15.2,7.5,661.7,-0.026,0.041,-0.079,0.16,0.06,1.02,0.0,0.0,0.0,0.01,0.0,0.0,0.01,0.09,0.16,0.13,0.03,0.11,0.07,0.0
619,-15.1,7.5,661.2,-0.026,0.04,-0.078,0.14,0.08,1.0,0.0,0.0,0.0,0.01,0.0,0.0,0.03,0.05,0.16,0.11,0.05,0.08,0.11,0.0
620,-15.1,7.5,661.1,-0.026,0.04,-0.078,0.12,0.07,0.99,0.0,0.0,0.0,0.01,0.0,0.0,0.03,0.11,0.17,0.07,0.03,0.06,0.07,0.0
621,-15.1,7.5,661.5,-0.028,0.041,-0.077,0.1,0.05,0.99,0.0,0.0,0.0,0.0,0.0,0.0,0.04,0.07,0.17,0.06,0.02,0.03,0.06,0.0
622,-15.1,7.5,661.4,-0.027,0.04,-0.078,0.06,0.03,0.98,0.0,0.0,0.0,0.0,0.0,0.0,0.02,0.06,0.16,0.04,0.01,0.03,0.05,0.0
623,-15.2,7.4,661.2,-0.026,0.041,-0.078,0.04,0.03,0.98,0.0,0.0,0.0,0.0,0.0,0.0,0.03,0.01,0.12,0.05,0.03,0.04,0.12,0.0
624,-15.2,7.4,661.5,-0.026,0.041,-0.078,0.03,0.03,0.95,0.0,0.0,0.0,0.0,0.0,0.0,0.01,0.03,0.09,0.05,0.08,0.08,0.17,0.0
625,-15.2,7.4,661.5,-0.026,0.042,-0.078,0.02,0.03,0.94,0.0,0.0,0.0,0.02,0.0,0.0,0.01,0.07,0.06,0.03,0.11,0.1,0.22,0.0
626,-15.2,7.5,661.5,-0.027,0.042,-0.078,0.02,0.0,0.93,0.0,0.0,0.0,0.02,0.0,0.0,0.0,0.05,0.03,0.0,0.14,0.07,0.21,0.0
627,-15.2,7.5,661.4,-0.025,0.041,-0.079,0.01,0.01,0.96,0.0,0.0,0.0,0.02,0.0,0.0,0.02,0.08,0.06,0.02,0.12,0.02,0.2,0.0
628,-15.2,7.6,661.8,-0.026,0.041,-0.079,0.01,0.01,0.98,0.0,0.0,0.0,0.01,0.0,0.0,0.02,0.11,0.1,0.02,0.09,0.01,0.12,0.0
629,-15.1,7.6,661.6,-0.025,0.04,-0.078,0.0,0.01,0.96,0.0,0.0,0.0,0.03,0.0,0.0,0.02,0.17,0.14,0.02,0.09,0.07,0.15,0.0
630,-15.0,7.6,661.9,-0.027,0.041,-0.077,0.0,0.0,0.94,0.0,0.0,0.0,0.03,0.0,0.0,0.0,0.19,0.11,0.0,0.11,0.11,0.08,0.0
631,-14.8,7.6,661.4,-0.022,0.038,-0.077,0.0,0.0,0.96,0.0,0.0,0.0,0.03,0.0,0.0,0.0,0.2,0.15,0.0,0.13,0.11,0.17,0.0
632,-14.7,7.6,661.2,-0.021,0.038,-0.075,0.0,0.0,0.96,0.0,0.0,0.0,0.01,0.0,0.0,0.0,0.24,0.16,0.0,0.1,0.09,0.15,0.0
633,-14.4,7.6,661.3,-0.021,0.036,-0.074,0.0,0.0,0.97,0.0,0.0,0.0,0.02,0.0,0.0,0.0,0.29,0.22,0.0,0.06,0.05,0.22,0.0
634,-14.2,7.7,662.0,-0.02,0.036,-0.074,0.0,0.0,0.93,0.0,0.0,0.04,0.07,0.0,0.0,0.03,0.2,0.16,0.0,0.01,0.04,0.24,0.0
635,-13.9,7.7,660.9,-0.019,0.033,-0.072,0.0,0.0,0.93,0.0,0.0,0.04,0.08,0.0,0.0,0.05,0.19,0.22,0.0,0.04,0.0,0.28,0.0
636,-13.7,7.7,661.2,-0.015,0.031,-0.071,0.0,0.0,0.94,0.0,0.0,0.04,0.08,0.0,0.0,0.05,0.12,0.22,0.0,0.04,0.0,0.26,0.0
637,-13.6,7.8,661.4,-0.019,0.03,-0.071,0.0,0.0,0.94,0.0,0.0,0.0,0.03,0.0,0.0,0.01,0.24,0.31,0.0,0.04,0.06,0.25,0.0
638,-13.5,7.7,662.2,-0.016,0.031,-0.07,0.0,0.0,0.93,0.0,0.0,0.0,0.03,0.0,0.0,0.0,0.22,0.24,0.0,0.0,0.06,0.18,0.0
639,-13.4,7.7,661.9,-0.021,0.029,-0.069,0.0,0.0,0.92,0.01,0.0,0.0,0.01,0.0,0.0,0.0,0.24,0.24,0.0,0.0,0.06,0.21,0.0
640,-13.4,7.7,662.5,-0.019,0.03,-0.068,0.0,0.0,0.9,0.01,0.0,0.0,0.01,0.0,0.0,0.0,0.13,0.21,0.0,0.0,0.0,0.24,0.0
641,-13.4,7.7,662.5,-0.022,0.03,-0.068,0.0,0.0,0.88,0.01,0.0,0.0,0.01,0.0,0.0,0.0,0.15,0.26,0.0,0.02,0.0,0.29,0.0
642,-13.4,7.5,662.5,-0.019,0.03,-0.068,0.0,0.0,0.86,0.0,0.0,0.0,0.01,0.0,0.0,0.0,0.17,0.26,0.0,0.05,0.04,0.26,0.0
643,-13.4,7.5,662.2,-0.024,0.029,-0.068,0.0,0.0,0.84,0.0,0.0,0.0,0.01,0.0,0.0,0.0,0.24,0.27,0.0,0.08,0.05,0.19,0.0
644,-13.4,7.5,662.6,-0.02,0.03,-0.067,0.0,0.0,0.85,0.0,0.0,0.0,0.03,0.0,0.0,0.0,0.21,0.16,0.0,0.07,0.06,0.14,0.0
645,-13.4,7.5,662.5,-0.023,0.03,-0.067,0.01,0.0,0.85,0.0,0.0,0.0,0.05,0.0,0.0,0.0,0.16,0.09,0.0,0.05,0.02,0.14,0.0
646,-13.3,7.4,662.9,-0.021,0.031,-0.067,0.03,0.0,0.89,0.0,0.0,0.0,0.07,0.0,0.0,0.0,0.09,0.05,0.0,0.03,0.01,0.16,0.0
647,-13.3,7.3,662.3,-0.02,0.031,-0.067,0.09,0.0,0.89,0.0,0.0,0.0,0.11,0.0,0.0,0.0,0.07,0.11,0.0,0.02,0.0,0.17,0.0
648,-13.3,7.1,663.4,-0.019,0.031,-0.066,0.11,0.0,0.88,0.0,0.0,0.0,0.15,0.0,0.0,0.0,0.04,0.12,0.0,0.02,0.0,0.12,0.0
649,-13.3,7.1,663.5,-0.024,0.031,-0.066,0.1,0.0,0.83,0.0,0.0,0.04,0.17,0.0,0.0,0.0,0.16,0.11,0.08,0.0,0.06,0.09,0.14
650,-13.5,7.1,672.3,-0.018,0.042,-0.064,0.11,0.04,0.86,0.0,0.0,0.33,0.19,0.0,0.0,0.0,0.13,0.05,0.16,0.0,0.07,0.13,0.98
651,-13.7,7.7,685.4,-0.031,0.05,-0.065,0.23,0.21,0.89,0.0,0.0,0.61,0.13,0.0,0.0,0.0,0.12,0.08,0.33,0.0,0.07,0.19,2.15
652,-13.8,7.9,681.5,-0.032,0.038,-0.067,0.4,0.39,0.97,0.0,0.0,0.88,0.1,0.0,0.0,0.0,0.0,0.07,0.35,0.0,0.01,0.19,3.01
653,-13.8,7.9,685.1,-0.037,0.045,-0.067,0.43,0.49,0.99,0.0,0.0,0.83,0.02,0.0,0.0,0.0,0.0,0.08,0.31,0.0,0.0,0.1,3.01
654,-13.9,7.7,684.3,-0.038,0.049,-0.066,0.36,0.46,1.05,0.0,0.0,0.73,0.02,0.0,0.0,0.0,0.0,0.04,0.21,0.0,0.0,0.04,2.47
655,-13.9,7.5,678.9,-0.037,0.045,-0.064,0.27,0.3,1.05,0.0,0.0,0.57,0.0,0.0,0.0,0.0,0.03,0.09,0.13,0.0,0.0,0.01,1.83
656,-13.9,7.3,672.8,-0.035,0.038,-0.066,0.25,0.19,1.03,0.0,0.0,0.35,0.0,0.0,0.0,0.0,0.03,0.12,0.11,0.0,0.0,0.0,1.27
657,-13.9,7.2,670.4,-0.032,0.035,-0.066,0.2,0.05,1.0,0.0,0.0,0.16,0.05,0.0,0.0,0.0,0.07,0.17,0.08,0.0,0.01,0.03,0.83
658,-14.1,7.0,671.0,-0.03,0.037,-0.068,0.11,0.07,0.98,0.0,0.0,0.01,0.08,0.0,0.0,0.0,0.07,0.12,0.05,0.0,0.03,0.03,0.58
659,-14.1,6.9,669.3,-0.026,0.036,-0.068,0.04,0.06,1.01,0.0,0.0,0.04,0.14,0.0,0.0,0.0,0.09,0.1,0.04,0.0,0.03,0.03,0.4
660,-14.2,6.8,668.4,-0.025,0.036,-0.068,0.02,0.06,1.04,0.0,0.0,0.05,0.14,0.0,0.0,0.0,0.05,0.06,0.04,0.0,0.02,0.0,0.21
661,-14.1,6.8,667.8,-0.026,0.036,-0.068,0.01,0.02,1.08,0.0,0.0,0.07,0.12,0.0,0.0,0.0,0.04,0.08,0.08,0.0,0.0,0.0,0.09
662,-14.1,6.8,667.5,-0.024,0.036,-0.069,0.01,0.0,1.07,0.0,0.0,0.05,0.11,0.0,0.0,0.0,0.07,0.09,0.11,0.0,0.0,0.0,0.01
663,-14.1,6.8,666.9,-0.023,0.034,-0.069,0.0,0.0,1.05,0.0,0.0,0.08,0.08,0.0,0.0,0.0,0.07,0.11,0.07,0.0,0.0,0.0,0.01
664,-14.0,6.8,666.6,-0.024,0.035,-0.069,0.0,0.0,1.03,0.0,0.0,0.08,0.1,0.0,0.0,0.0,0.07,0.13,0.08,0.0,0.0,0.0,0.01
665,-14.0,6.8,666.3,-0.025,0.034,-0.069,0.0,0.0,1.03,0.0,0.0,0.06,0.09,0.0,0.0,0.0,0.09,0.22,0.08,0.0,0.0,0.0,0.0
666,-13.9,6.8,666.3,-0.026,0.034,-0.069,0.0,0.0,1.03,0.0,0.0,0.03,0.1,0.0,0.0,0.0,0.17,0.27,0.17,0.0,0.0,0.0,0.0
667,-13.9,6.8,666.5,-0.024,0.034,-0.07,0.0,0.0,1.02,0.0,0.0,0.01,0.09,0.0,0.0,0.0,0.25,0.35,0.13,0.0,0.0,0.0,0.0
668,-13.9,6.9,666.1,-0.024,0.034,-0.07,0.0,0.0,1.05,0.0,0.0,0.01,0.09,0.0,0.0,0.0,0.29,0.35,0.08,0.0,0.0,0.0,0.0
669,-13.8,7.0,665.6,-0.023,0.034,-0.07,0.0,0.0,1.05,0.0,0.0,0.0,0.06,0.0,0.0,0.0,0.34,0.3,0.0,0.0,0.0,0.0,0.0
670,-13.7,7.2,665.8,-0.024,0.032,-0.07,0.0,0.0,1.06,0.0,0.0,0.0,0.04,0.0,0.0,0.0,0.29,0.29,0.0,0.0,0.03,0.0,0.0
671,-13.6,7.3,665.8,-0.021,0.033,-0.07,0.0,0.0,1.05,0.0,0.0,0.0,0.02,0.0,0.0,0.0,0.25,0.31,0.0,0.0,0.03,0.01,0.0
672,-13.4,7.4,665.7,-0.02,0.032,-0.071,0.0,0.0,1.03,0.0,0.0,0.01,0.04,0.0,0.0,0.0,0.19,0.35,0.0,0.0,0.03,0.01,0.04
673,-13.3,7.4,665.8,-0.019,0.032,-0.07,0.0,0.0,0.99,0.0,0.0,0.01,0.07,0.0,0.0,0.0,0.26,0.33,0.0,0.0,0.0,0.01,0.05
674,-13.2,7.5,666.0,-0.02,0.032,-0.07,0.0,0.0,0.96,0.0,0.0,0.08,0.12,0.0,0.0,0.0,0.29,0.26,0.0,0.0,0.0,0.0,0.06
675,-13.2,7.4,665.7,-0.02,0.031,-0.07,0.0,0.0,0.95,0.0,0.0,0.07,0.13,0.0,0.0,0.0,0.35,0.24,0.0,0.0,0.0,0.0,0.02
676,-13.2,7.5,666.0,-0.02,0.031,-0.07,0.0,0.0,0.94,0.0,0.0,0.07,0.16,0.0,0.0,0.0,0.33,0.24,0.0,0.0,0.0,0.05,0.03
677,-13.3,7.4,666.3,-0.022,0.032,-0.071,0.0,0.0,0.88,0.0,0.0,0.01,0.15,0.0,0.0,0.0,0.26,0.26,0.0,0.0,0.0,0.07,0.02
678,-13.4,7.4,666.1,-0.023,0.032,-0.071,0.0,0.0,0.89,0.0,0.0,0.0,0.16,0.0,0.0,0.0,0.16,0.23,0.0,0.0,0.03,0.07,0.02
679,-13.6,7.4,667.1,-0.024,0.034,-0.072,0.0,0.0,0.91,0.0,0.0,0.0,0.17,0.0,0.0,0.0,0.06,0.22,0.0,0.0,0.03,0.02,0.02
680,-13.7,7.4,666.0,-0.023,0.034,-0.072,0.0,0.0,0.99,0.0,0.0,0.0,0.18,0.0,0.0,0.0,0.1,0.19,0.0,0.0,0.03,0.01,0.04
681,-13.7,7.4,665.8,-0.023,0.033,-0.072,0.0,0.0,0.98,0.0,0.0,0.07,0.18,0.0,0.0,0.0,0.09,0.17,0.0,0.0,0.0,0.01,0.06
682,-13.8,7.4,665.6,-0.022,0.034,-0.073,0.0,0.0,1.0,0.0,0.0,0.07,0.14,0.0,0.0,0.0,0.1,0.2,0.0,0.0,0.0,0.01,0.03
683,-13.8,7.4,665.1,-0.021,0.033,-0.073,0.0,0.0,0.98,0.0,0.0,0.07,0.12,0.0,0.0,0.0,0.06,0.23,0.0,0.0,0.01,0.0,0.02
684,-13.9,7.4,665.1,-0.02,0.033,-0.073,0.0,0.0,0.96,0.01,0.0,0.05,0.12,0.0,0.0,0.0,0.12,0.35,0.03,0.0,0.01,0.0,0.03
685,-13.9,7.5,668.2,-0.027,0.038,-0.073,0.05,0.0,0.96,0.01,0.0,0.11,0.07,0.0,0.0,0.0,0.2,0.37,0.05,0.0,0.01,0.0,0.23
686,-13.9,7.8,670.6,-0.025,0.037,-0.073,0.11,0.0,0.95,0.01,0.0,0.19,0.04,0.0,0.0,0.0,0.21,0.36,0.05,0.0,0.0,0.01,0.46
687,-13.9,7.8,671.0,-0.026,0.037,-0.073,0.18,0.0,0.98,0.0,0.0,0.25,0.03,0.0,0.0,0.0,0.19,0.39,0.02,0.0,0.0,0.01,0.69
688,-14.0,7.8,670.7,-0.026,0.036,-0.073,0.18,0.0,0.98,0.0,0.0,0.29,0.05,0.0,0.0,0.0,0.18,0.4,0.0,0.0,0.0,0.0,0.69
689,-14.0,7.7,670.4,-0.027,0.037,-0.073,0.17,0.0,0.99,0.0,0.0,0.26,0.07,0.0,0.0,0.0,0.26,0.42,0.0,0.0,0.0,0.0,0.7
690,-14.0,7.7,670.4,-0.027,0.037,-0.073,0.15,0.0,1.0,0.0,0.0,0.17,0.04,0.0,0.0,0.0,0.28,0.37,0.0,0.0,0.0,0.0,0.65
691,-14.0,7.7,670.1,-0.026,0.037,-0.073,0.16,0.0,1.02,0.0,0.0,0.12,0.03,0.0,0.0,0.0,0.33,0.33,0.0,0.0,0.0,0.05,0.61
692,-14.0,7.7,669.9,-0.026,0.036,-0.073,0.19,0.0,1.06,0.0,0.0,0.09,0.02,0.0,0.0,0.0,0.32,0.32,0.0,0.0,0.0,0.05,0.51
693,-14.0,7.7,670.2,-0.026,0.037,-0.073,0.26,0.0,1.07,0.0,0.0,0.15,0.02,0.0,0.0,0.0,0.4,0.29,0.0,0.0,0.04,0.1,0.5
694,-14.0,7.8,670.6,-0.027,0.037,-0.073,0.28,0.0,1.07,0.0,0.0,0.09,0.02,0.0,0.0,0.0,0.37,0.27,0.0,0.0,0.07,0.05,0.52
695,-14.0,7.8,670.6,-0.027,0.037,-0.073,0.26,0.0,1.04,0.0,0.0,0.08,0.02,0.0,0.0,0.0,0.27,0.24,0.01,0.0,0.1,0.05,0.59
696,-14.1,7.8,670.9,-0.028,0.039,-0.073,0.24,0.0,1.06,0.0,0.0,0.0,0.05,0.0,0.0,0.0,0.16,0.16,0.06,0.0,0.14,0.0,0.64
697,-14.2,7.7,670.6,-0.029,0.04,-0.074,0.2,0.0,1.03,0.0,0.0,0.0,0.07,0.0,0.0,0.0,0.11,0.17,0.11,0.0,0.14,0.0,0.62
698,-14.2,7.7,670.0,-0.028,0.04,-0.074,0.22,0.0,1.02,0.0,0.0,0.03,0.08,0.0,0.0,0.0,0.19,0.2,0.09,0.0,0.11,0.0,0.55
699,-14.3,7.7,670.4,-0.029,0.041,-0.074,0.2,0.0,0.98,0.0,0.0,0.08,0.08,0.0,0.0,0.0,0.18,0.27,0.05,0.0,0.04,0.0,0.5
700,-14.3,7.7,669.8,-0.03,0.042,-0.074,0.21,0.0,0.97,0.0,0.0,0.23,0.08,0.0,0.0,0.0,0.15,0.23,0.03,0.0,0.02,0.0,0.54
701,-14.3,7.6,670.0,-0.031,0.042,-0.074,0.18,0.0,0.94,0.0,0.0,0.22,0.07,0.0,0.0,0.0,0.06,0.23,0.06,0.0,0.1,0.02,0.64
702,-14.3,7.6,669.7,-0.031,0.042,-0.074,0.17,0.0,0.89,0.0,0.0,0.25,0.05,0.0,0.0,0.0,0.02,0.19,0.09,0.0,0.18,0.04,0.68
703,-14.3,7.5,669.6,-0.032,0.041,-0.075,0.17,0.0,0.86,0.0,0.0,0.11,0.02,0.0,0.0,0.0,0.0,0.2,0.07,0.0,0.25,0.05,0.75
704,-14.3,7.5,669.6,-0.033,0.041,-0.075,0.2,0.0,0.86,0.0,0.0,0.08,0.0,0.0,0.0,0.0,0.0,0.18,0.1,0.0,0.22,0.04,0.72
705,-14.3,7.5,669.6,-0.033,0.041,-0.075,0.2,0.0,0.88,0.0,0.0,0.09,0.04,0.0,0.0,0.0,0.0,0.25,0.11,0.0,0.14,0.02,0.68
706,-14.4,7.5,669.7,-0.033,0.043,-0.075,0.22,0.0,0.9,0.0,0.0,0.16,0.07,0.0,0.0,0.0,0.03,0.24,0.1,0.0,0.11,0.02,0.58
707,-14.5,7.4,669.7,-0.032,0.044,-0.075,0.24,0.0,0.89,0.0,0.0,0.24,0.1,0.0,0.0,0.0,0.09,0.18,0.04,0.0,0.15,0.02,0.56
708,-14.5,7.4,669.7,-0.033,0.045,-0.075,0.27,0.03,0.91,0.0,0.0,0.26,0.06,0.0,0.0,0.0,0.09,0.09,0.01,0.0,0.18,0.08,0.58
709,-14.6,7.4,670.2,-0.034,0.045,-0.075,0.28,0.03,0.88,0.0,0.0,0.27,0.07,0.0,0.0,0.0,0.07,0.12,0.03,0.0,0.15,0.09,0.65
710,-14.6,7.4,670.1,-0.035,0.046,-0.075,0.23,0.03,0.88,0.0,0.0,0.35,0.08,0.0,0.0,0.0,0.0,0.14,0.04,0.0,0.13,0.13,0.59
711,-14.7,7.4,669.6,-0.034,0.047,-0.076,0.14,0.0,0.86,0.0,0.0,0.29,0.16,0.0,0.0,0.0,0.0,0.19,0.03,0.0,0.14,0.09,0.52
712,-14.7,7.3,669.0,-0.037,0.045,-0.077,0.08,0.0,0.91,0.0,0.0,0.21,0.15,0.0,0.0,0.0,0.0,0.16,0.01,0.0,0.17,0.09,0.35
713,-14.6,7.2,666.0,-0.035,0.044,-0.076,0.03,0.0,0.93,0.0,0.0,0.04,0.11,0.0,0.0,0.01,0.0,0.17,0.0,0.0,0.21,0.08,0.24
714,-14.5,7.1,664.2,-0.031,0.043,-0.076,0.04,0.0,0.98,0.0,0.0,0.0,0.05,0.0,0.0,0.01,0.01,0.11,0.0,0.0,0.26,0.05,0.1
715,-14.4,7.1,663.8,-0.03,0.043,-0.077,0.01,0.0,0.96,0.0,0.0,0.0,0.08,0.0,0.0,0.01,0.01,0.13,0.0,0.01,0.29,0.03,0.04
716,-14.3,7.1,663.5,-0.029,0.041,-0.077,0.01,0.0,0.97,0.0,0.0,0.0,0.13,0.0,0.0,0.0,0.05,0.14,0.0,0.01,0.28,0.0,0.0
717,-14.3,7.1,664.0,-0.03,0.041,-0.076,0.0,0.0,0.92,0.0,0.0,0.0,0.16,0.0,0.0,0.0,0.09,0.18,0.0,0.01,0.23,0.09,0.0
718,-14.2,7.1,663.6,-0.029,0.039,-0.076,0.0,0.0,0.91,0.0,0.0,0.0,0.15,0.0,0.0,0.0,0.13,0.16,0.02,0.0,0.16,0.12,0.04
719,-14.1,7.1,663.7,-0.027,0.039,-0.076,0.0,0.0,0.91,0.0,0.0,0.0,0.16,0.0,0.0,0.0,0.12,0.14,0.02,0.0,0.09,0.16,0.05
720,-14.1,7.1,663.7,-0.026,0.039,-0.075,0.0,0.0,0.9,0.0,0.0,0.0,0.16,0.0,0.0,0.0,0.11,0.1,0.04,0.0,0.05,0.09,0.05
721,-14.1,7.1,662.8,-0.025,0.038,-0.075,0.0,0.0,0.92,0.0,0.0,0.0,0.16,0.0,0.0,0.0,0.11,0.12,0.05,0.0,0.04,0.12,0.0
722,-14.0,7.1,662.9,-0.024,0.037,-0.075,0.0,0.0,0.93,0.0,0.0,0.0,0.15,0.0,0.0,0.0,0.09,0.1,0.08,0.0,0.02,0.08,0.0
723,-14.1,7.1,662.7,-0.023,0.037,-0.074,0.0,0.0,0.94,0.0,0.0,0.1,0.12,0.0,0.0,0.0,0.1,0.1,0.12,0.0,0.06,0.06,0.04
724,-14.1,7.0,663.4,-0.023,0.037,-0.074,0.0,0.0,0.92,0.0,0.0,0.14,0.11,0.0,0.0,0.0,0.11,0.07,0.12,0.01,0.13,0.02,0.06
725,-14.1,7.0,663.4,-0.024,0.037,-0.074,0.0,0.0,0.91,0.0,0.0,0.14,0.1,0.0,0.0,0.0,0.16,0.08,0.15,0.01,0.22,0.04,0.07
726,-14.1,7.0,663.3,-0.025,0.037,-0.074,0.0,0.0,0.96,0.0,0.0,0.05,0.13,0.0,0.0,0.0,0.17,0.08,0.15,0.01,0.23,0.05,0.02
727,-14.1,7.0,663.2,-0.024,0.038,-0.074,0.01,0.0,1.0,0.0,0.0,0.02,0.13,0.0,0.0,0.0,0.14,0.08,0.12,0.0,0.17,0.03,0.01
728,-14.1,7.0,663.2,-0.024,0.038,-0.075,0.01,0.0,1.05,0.0,0.0,0.04,0.13,0.0,0.0,0.0,0.09,0.08,0.1,0.0,0.16,0.01,0.0
729,-14.1,7.0,663.2,-0.024,0.038,-0.075,0.02,0.0,1.08,0.0,0.0,0.06,0.1,0.0,0.0,0.0,0.09,0.08,0.06,0.0,0.16,0.0,0.0
730,-14.1,7.0,663.4,-0.023,0.038,-0.075,0.01,0.0,1.1,0.0,0.0,0.08,0.11,0.0,0.0,0.0,0.1,0.13,0.08,0.02,0.21,0.02,0.02
731,-14.1,7.0,663.3,-0.024,0.037,-0.075,0.01,0.0,1.07,0.0,0.0,0.11,0.12,0.0,0.0,0.0,0.13,0.16,0.1,0.02,0.18,0.02,0.03
732,-14.1,7.0,663.2,-0.023,0.037,-0.075,0.0,0.0,1.02,0.0,0.0,0.17,0.14,0.0,0.0,0.0,0.11,0.18,0.11,0.02,0.14,0.07,0.06
733,-14.2,7.0,662.8,-0.025,0.037,-0.075,0.0,0.0,1.01,0.0,0.0,0.14,0.12,0.0,0.0,0.0,0.07,0.19,0.12,0.0,0.12,0.14,0.04
734,-14.3,7.0,662.4,-0.026,0.038,-0.074,0.04,0.0,1.02,0.0,0.0,0.07,0.12,0.0,0.0,0.0,0.04,0.22,0.09,0.0,0.08,0.16,0.05
735,-14.3,7.0,662.6,-0.025,0.038,-0.075,0.04,0.0,1.03,0.0,0.0,0.0,0.09,0.0,0.0,0.0,0.03,0.23,0.05,0.0,0.07,0.12,0.02
736,-14.4,7.0,661.9,-0.025,0.037,-0.075,0.04,0.0,1.01,0.0,0.0,0.0,0.07,0.0,0.0,0.0,0.05,0.18,0.02,0.0,0.03,0.04,0.02
737,-14.4,7.0,662.5,-0.026,0.038,-0.075,0.02,0.0,0.97,0.0,0.0,0.0,0.08,0.0,0.0,0.0,0.03,0.13,0.0,0.0,0.07,0.05,0.0
738,-14.5,7.1,662.8,-0.027,0.039,-0.076,0.04,0.03,0.97,0.0,0.0,0.04,0.09,0.0,0.0,0.0,0.02,0.1,0.03,0.01,0.05,0.05,0.01
739,-14.7,7.1,662.5,-0.028,0.042,-0.075,0.07,0.08,1.03,0.0,0.0,0.12,0.08,0.0,0.0,0.0,0.0,0.13,0.09,0.04,0.0,0.0,0.02
